Time,Balance before,Balance after,Realized PnL (value),Realized PnL (currency),Action
2026-08-28 23:49:25,1142363.1000000408,1215645.5000000412,73282.40000000037,USD,"Close short position for symbol VANTAGE:NAS100 at price 29473.00 for 300 units. Position AVG Price was 29717.274667, currency: USD, rate: 1.000000, point value: 1.000000"
2026-08-28 20:00:43,1052955.7000000405,1142363.1000000408,89407.40000000037,USD,"Close short position for symbol VANTAGE:NAS100 at price 29419.25 for 300 units. Position AVG Price was 29717.274667, currency: USD, rate: 1.000000, point value: 1.000000"
2026-08-28 19:01:13,982838.3000000399,1052955.7000000405,70117.4000000006,USD,"Close short position for symbol VANTAGE:NAS100 at price 29483.55 for 300 units. Position AVG Price was 29717.274667, currency: USD, rate: 1.000000, point value: 1.000000"
2026-08-28 18:51:54,935820.9000000393,982838.3000000399,47017.400000000605,USD,"Close short position for symbol VANTAGE:NAS100 at price 29560.55 for 300 units. Position AVG Price was 29717.274667, currency: USD, rate: 1.000000, point value: 1.000000"
2026-08-28 18:49:13,923173.4333333723,935820.9000000393,12647.466666666907,USD,"Close short position for symbol VANTAGE:NAS100 at price 29590.80 for 100 units. Position AVG Price was 29717.274667, currency: USD, rate: 1.000000, point value: 1.000000"
2026-08-28 18:48:09,912425.9666667054,923173.4333333723,10747.466666666907,USD,"Close short position for symbol VANTAGE:NAS100 at price 29609.80 for 100 units. Position AVG Price was 29717.274667, currency: USD, rate: 1.000000, point value: 1.000000"
2026-08-28 18:47:04,902978.5000000385,912425.9666667054,9447.466666666907,USD,"Close short position for symbol VANTAGE:NAS100 at price 29622.80 for 100 units. Position AVG Price was 29717.274667, currency: USD, rate: 1.000000, point value: 1.000000"
2026-08-28 17:44:11,841982.5000000375,902978.5000000385,60996.00000000105,USD,"Close long position for symbol VANTAGE:NAS100 at price 29696.50 for 1380 units. Position AVG Price was 29652.300000, currency: USD, rate: 1.000000, point value: 1.000000"
2026-08-28 17:37:25,933182.5000000364,841982.5000000375,-91199.99999999895,USD,"Close short position for symbol VANTAGE:NAS100 at price 29653.55 for 1500 units. Position AVG Price was 29592.750000, currency: USD, rate: 1.000000, point value: 1.000000"
2026-08-28 17:17:59,927882.5000000371,933182.5000000364,5299.9999999993015,USD,"Close short position for symbol VANTAGE:NAS100 at price 29553.30 for 1500 units. Position AVG Price was 29556.833333, currency: USD, rate: 1.000000, point value: 1.000000"
2026-08-28 17:06:27,962557.5000000364,927882.5000000371,-34674.9999999993,USD,"Close long position for symbol VANTAGE:NAS100 at price 29533.00 for 1000 units. Position AVG Price was 29567.675000, currency: USD, rate: 1.000000, point value: 1.000000"
2026-08-28 17:04:08,1021982.5000000357,962557.5000000364,-59424.9999999993,USD,"Close long position for symbol VANTAGE:NAS100 at price 29561.00 for 1000 units. Position AVG Price was 29620.425000, currency: USD, rate: 1.000000, point value: 1.000000"
2026-08-28 16:37:12,927932.5000000347,1021982.5000000357,94050.00000000105,USD,"Close long position for symbol VANTAGE:NAS100 at price 29602.00 for 1500 units. Position AVG Price was 29539.300000, currency: USD, rate: 1.000000, point value: 1.000000"
2026-08-28 16:33:22,801897.5000000338,927932.5000000347,126035.00000000093,USD,"Close short position for symbol VANTAGE:NAS100 at price 29523.05 for 1300 units. Position AVG Price was 29620.000000, currency: USD, rate: 1.000000, point value: 1.000000"
2026-08-28 16:05:20,797087.5000000328,801897.5000000338,4810.000000000931,USD,"Close long position for symbol VANTAGE:NAS100 at price 29620.75 for 1300 units. Position AVG Price was 29617.050000, currency: USD, rate: 1.000000, point value: 1.000000"
2026-08-28 15:43:00,842977.5000000319,797087.5000000328,-45889.99999999907,USD,"Close short position for symbol VANTAGE:NAS100 at price 29617.55 for 1300 units. Position AVG Price was 29582.250000, currency: USD, rate: 1.000000, point value: 1.000000"
2026-08-28 15:11:12,851492.500000031,842977.5000000319,-8514.999999999069,USD,"Close long position for symbol VANTAGE:NAS100 at price 29575.25 for 1300 units. Position AVG Price was 29581.800000, currency: USD, rate: 1.000000, point value: 1.000000"
2026-08-28 15:06:22,870701.5000000309,851492.500000031,-19208.999999999884,USD,"Close short position for symbol VANTAGE:NAS100 at price 29583.80 for 1380 units. Position AVG Price was 29569.880435, currency: USD, rate: 1.000000, point value: 1.000000"
2026-08-28 03:49:43,911651.5000000298,870701.5000000309,-40949.99999999895,USD,"Close short position for symbol VANTAGE:NAS100 at price 29618.55 for 1500 units. Position AVG Price was 29591.250000, currency: USD, rate: 1.000000, point value: 1.000000"
2026-08-28 03:09:49,884601.5000000305,911651.5000000298,27049.9999999993,USD,"Close long position for symbol VANTAGE:NAS100 at price 29585.25 for 1500 units. Position AVG Price was 29567.216667, currency: USD, rate: 1.000000, point value: 1.000000"
2026-08-28 03:02:22,872621.5000000291,884601.5000000305,11980.000000001397,USD,"Close short position for symbol VANTAGE:NAS100 at price 29580.30 for 1500 units. Position AVG Price was 29588.286667, currency: USD, rate: 1.000000, point value: 1.000000"
2026-08-27 23:57:00,814431.8188406071,872621.5000000291,58189.681159422034,USD,"Close short position for symbol VANTAGE:NAS100 at price 29588.05 for 880 units. Position AVG Price was 29654.174638, currency: USD, rate: 1.000000, point value: 1.000000"
2026-08-27 23:24:12,786119.5000000263,814431.8188406071,28312.31884058076,USD,"Close short position for symbol VANTAGE:NAS100 at price 29597.55 for 500 units. Position AVG Price was 29654.174638, currency: USD, rate: 1.000000, point value: 1.000000"
2026-08-27 22:54:39,858789.5000000232,786119.5000000263,-72669.99999999686,USD,"Close short position for symbol VANTAGE:NAS100 at price 29635.30 for 1400 units. Position AVG Price was 29583.392857, currency: USD, rate: 1.000000, point value: 1.000000"
2026-08-27 22:32:42,899739.5000000221,858789.5000000232,-40949.99999999895,USD,"Close short position for symbol VANTAGE:NAS100 at price 29575.05 for 1500 units. Position AVG Price was 29547.750000, currency: USD, rate: 1.000000, point value: 1.000000"
2026-08-27 22:04:11,794890.5000000198,899739.5000000221,104849.00000000233,USD,"Close short position for symbol VANTAGE:NAS100 at price 29541.05 for 1580 units. Position AVG Price was 29607.410127, currency: USD, rate: 1.000000, point value: 1.000000"
2026-08-27 20:18:02,789430.5000000189,794890.5000000198,5460.000000000931,USD,"Close long position for symbol VANTAGE:NAS100 at price 29620.75 for 1300 units. Position AVG Price was 29616.550000, currency: USD, rate: 1.000000, point value: 1.000000"
2026-08-27 20:08:33,801351.5000000166,789430.5000000189,-11920.999999997788,USD,"Close short position for symbol VANTAGE:NAS100 at price 29621.92 for 1300 units. Position AVG Price was 29612.750000, currency: USD, rate: 1.000000, point value: 1.000000"
2026-08-27 20:05:54,727685.5000000189,801351.5000000166,73665.99999999779,USD,"Close long position for symbol VANTAGE:NAS100 at price 29616.12 for 1300 units. Position AVG Price was 29559.453846, currency: USD, rate: 1.000000, point value: 1.000000"
2026-08-27 19:28:19,741845.5000000179,727685.5000000189,-14159.999999999069,USD,"Close short position for symbol VANTAGE:NAS100 at price 29557.30 for 1200 units. Position AVG Price was 29545.500000, currency: USD, rate: 1.000000, point value: 1.000000"
2026-08-27 19:16:14,738450.5000000182,741845.5000000179,3394.999999999767,USD,"Close short position for symbol VANTAGE:NAS100 at price 29557.55 for 1200 units. Position AVG Price was 29560.379167, currency: USD, rate: 1.000000, point value: 1.000000"
2026-08-27 19:11:01,753270.5000000164,738450.5000000182,-14819.999999998254,USD,"Close short position for symbol VANTAGE:NAS100 at price 29562.60 for 1200 units. Position AVG Price was 29550.250000, currency: USD, rate: 1.000000, point value: 1.000000"
2026-08-27 19:09:49,729335.5000000148,753270.5000000164,23935.00000000163,USD,"Close long position for symbol VANTAGE:NAS100 at price 29552.00 for 1300 units. Position AVG Price was 29533.588462, currency: USD, rate: 1.000000, point value: 1.000000"
2026-08-27 18:44:05,765000.5000000161,729335.5000000148,-35665.00000000128,USD,"Close long position for symbol VANTAGE:NAS100 at price 29491.50 for 1300 units. Position AVG Price was 29518.934615, currency: USD, rate: 1.000000, point value: 1.000000"
2026-08-27 18:37:52,782615.5000000151,765000.5000000161,-17614.99999999907,USD,"Close long position for symbol VANTAGE:NAS100 at price 29513.25 for 1300 units. Position AVG Price was 29526.800000, currency: USD, rate: 1.000000, point value: 1.000000"
2026-08-27 18:29:42,801855.5000000142,782615.5000000151,-19239.99999999907,USD,"Close long position for symbol VANTAGE:NAS100 at price 29533.75 for 1300 units. Position AVG Price was 29548.550000, currency: USD, rate: 1.000000, point value: 1.000000"
2026-08-27 18:23:14,613565.5000000148,801855.5000000142,188289.99999999942,USD,"Close long position for symbol VANTAGE:NAS100 at price 29563.00 for 1200 units. Position AVG Price was 29406.091667, currency: USD, rate: 1.000000, point value: 1.000000"
2026-08-27 16:57:04,629125.5000000154,613565.5000000148,-15560.000000000582,USD,"Close long position for symbol VANTAGE:NAS100 at price 29415.25 for 1200 units. Position AVG Price was 29428.216667, currency: USD, rate: 1.000000, point value: 1.000000"
2026-08-27 16:34:51,658155.5000000135,629125.5000000154,-29029.999999998137,USD,"Close long position for symbol VANTAGE:NAS100 at price 29413.50 for 1100 units. Position AVG Price was 29439.890909, currency: USD, rate: 1.000000, point value: 1.000000"
2026-08-27 16:31:31,666935.5000000146,658155.5000000135,-8780.000000001048,USD,"Close long position for symbol VANTAGE:NAS100 at price 29506.75 for 1100 units. Position AVG Price was 29514.731818, currency: USD, rate: 1.000000, point value: 1.000000"
2026-08-27 16:30:07,712380.5000000157,666935.5000000146,-45445.000000001164,USD,"Close long position for symbol VANTAGE:NAS100 at price 29468.70 for 1200 units. Position AVG Price was 29506.570833, currency: USD, rate: 1.000000, point value: 1.000000"
2026-08-27 16:07:06,742490.5000000163,712380.5000000157,-30110.000000000582,USD,"Close short position for symbol VANTAGE:NAS100 at price 29514.30 for 1200 units. Position AVG Price was 29489.208333, currency: USD, rate: 1.000000, point value: 1.000000"
2026-08-27 15:44:39,759290.5000000156,742490.5000000163,-16799.9999999993,USD,"Close long position for symbol VANTAGE:NAS100 at price 29498.00 for 1000 units. Position AVG Price was 29514.800000, currency: USD, rate: 1.000000, point value: 1.000000"
2026-08-27 15:01:45,759550.500000014,759290.5000000156,-259.9999999983702,USD,"Close short position for symbol VANTAGE:NAS100 at price 29518.80 for 1000 units. Position AVG Price was 29518.540000, currency: USD, rate: 1.000000, point value: 1.000000"
2026-08-27 14:49:55,754533.0000000137,759550.500000014,5017.500000000233,USD,"Close short position for symbol VANTAGE:NAS100 at price 29474.10 for 100 units. Position AVG Price was 29524.275000, currency: USD, rate: 1.000000, point value: 1.000000"
2026-08-27 14:48:23,749935.5000000135,754533.0000000137,4597.500000000233,USD,"Close short position for symbol VANTAGE:NAS100 at price 29478.30 for 100 units. Position AVG Price was 29524.275000, currency: USD, rate: 1.000000, point value: 1.000000"
2026-08-27 14:48:21,745613.0000000133,749935.5000000135,4322.500000000233,USD,"Close short position for symbol VANTAGE:NAS100 at price 29481.05 for 100 units. Position AVG Price was 29524.275000, currency: USD, rate: 1.000000, point value: 1.000000"
2026-08-27 14:48:04,741565.500000013,745613.0000000133,4047.500000000233,USD,"Close short position for symbol VANTAGE:NAS100 at price 29483.80 for 100 units. Position AVG Price was 29524.275000, currency: USD, rate: 1.000000, point value: 1.000000"
2026-08-27 14:29:56,757080.5000000125,741565.500000013,-15514.999999999418,USD,"Close long position for symbol VANTAGE:NAS100 at price 29526.75 for 800 units. Position AVG Price was 29546.143750, currency: USD, rate: 1.000000, point value: 1.000000"
2026-08-27 14:21:58,766045.5000000119,757080.5000000125,-8964.999999999418,USD,"Close long position for symbol VANTAGE:NAS100 at price 29544.75 for 700 units. Position AVG Price was 29557.557143, currency: USD, rate: 1.000000, point value: 1.000000"
2026-08-27 02:49:18,777455.5000000118,766045.5000000119,-11409.999999999884,USD,"Close short position for symbol VANTAGE:NAS100 at price 29582.55 for 600 units. Position AVG Price was 29563.533333, currency: USD, rate: 1.000000, point value: 1.000000"
2026-08-27 01:01:07,737151.1250000116,777455.5000000118,40304.37500000012,USD,"Close long position for symbol VANTAGE:NAS100 at price 29524.70 for 100 units. Position AVG Price was 29121.656250, currency: USD, rate: 1.000000, point value: 1.000000"
2026-08-27 01:00:02,628658.000000012,664822.3750000119,36164.37499999988,USD,"Close long position for symbol VANTAGE:NAS100 at price 29483.30 for 100 units. Position AVG Price was 29121.656250, currency: USD, rate: 1.000000, point value: 1.000000"
2026-08-27 01:00:02,664822.3750000119,700986.7500000118,36164.37499999988,USD,"Close long position for symbol VANTAGE:NAS100 at price 29483.30 for 100 units. Position AVG Price was 29121.656250, currency: USD, rate: 1.000000, point value: 1.000000"
2026-08-27 01:00:02,700986.7500000118,737151.1250000116,36164.37499999988,USD,"Close long position for symbol VANTAGE:NAS100 at price 29483.30 for 100 units. Position AVG Price was 29121.656250, currency: USD, rate: 1.000000, point value: 1.000000"
2026-08-26 23:58:39,603638.6250000121,628658.000000012,25019.374999999884,USD,"Close long position for symbol VANTAGE:NAS100 at price 29371.85 for 100 units. Position AVG Price was 29121.656250, currency: USD, rate: 1.000000, point value: 1.000000"
2026-08-26 23:50:49,581069.2500000122,603638.6250000121,22569.374999999884,USD,"Close long position for symbol VANTAGE:NAS100 at price 29347.35 for 100 units. Position AVG Price was 29121.656250, currency: USD, rate: 1.000000, point value: 1.000000"
2026-08-26 23:18:35,560324.8750000123,581069.2500000122,20744.374999999884,USD,"Close long position for symbol VANTAGE:NAS100 at price 29329.10 for 100 units. Position AVG Price was 29121.656250, currency: USD, rate: 1.000000, point value: 1.000000"
2026-08-26 22:02:29,541730.5000000125,560324.8750000123,18594.374999999884,USD,"Close long position for symbol VANTAGE:NAS100 at price 29307.60 for 100 units. Position AVG Price was 29121.656250, currency: USD, rate: 1.000000, point value: 1.000000"
2026-08-26 22:00:55,525024.1250000123,541730.5000000125,16706.375000000116,USD,"Close long position for symbol VANTAGE:NAS100 at price 29288.72 for 100 units. Position AVG Price was 29121.656250, currency: USD, rate: 1.000000, point value: 1.000000"
2026-08-26 21:45:34,510679.7500000125,525024.1250000123,14344.374999999825,USD,"Close long position for symbol VANTAGE:NAS100 at price 29265.10 for 100 units. Position AVG Price was 29121.656250, currency: USD, rate: 1.000000, point value: 1.000000"
2026-08-26 16:55:54,494453.5000000128,510679.7500000125,16226.249999999709,USD,"Close long position for symbol VANTAGE:NAS100 at price 29265.35 for 100 units. Position AVG Price was 29103.087500, currency: USD, rate: 1.000000, point value: 1.000000"
2026-08-26 15:54:28,502003.5000000128,494453.5000000128,-7550,USD,"Close long position for symbol VANTAGE:NAS100 at price 29092.35 for 400 units. Position AVG Price was 29111.225000, currency: USD, rate: 1.000000, point value: 1.000000"
2026-08-26 15:29:57,501423.5000000132,502003.5000000128,579.9999999995925,USD,"Close short position for symbol VANTAGE:NAS100 at price 29207.95 for 200 units. Position AVG Price was 29210.850000, currency: USD, rate: 1.000000, point value: 1.000000"
2026-08-25 22:20:14,461292.50000001263,501423.5000000132,40131.00000000058,USD,"Close short position for symbol VANTAGE:NAS100 at price 29165.20 for 780 units. Position AVG Price was 29216.650000, currency: USD, rate: 1.000000, point value: 1.000000"
2026-08-25 21:43:49,469332.50000001205,461292.50000001263,-8039.999999999418,USD,"Close short position for symbol VANTAGE:NAS100 at price 29205.95 for 800 units. Position AVG Price was 29195.900000, currency: USD, rate: 1.000000, point value: 1.000000"
2026-08-25 21:33:03,436504.5000000133,469332.50000001205,32827.99999999878,USD,"Close short position for symbol VANTAGE:NAS100 at price 29181.70 for 740 units. Position AVG Price was 29226.062162, currency: USD, rate: 1.000000, point value: 1.000000"
2026-08-25 19:03:41,396328.50000001147,436504.5000000133,40176.000000001804,USD,"Close long position for symbol VANTAGE:NAS100 at price 29233.65 for 680 units. Position AVG Price was 29174.567647, currency: USD, rate: 1.000000, point value: 1.000000"
2026-08-25 18:47:39,404590.5000000124,396328.50000001147,-8262.000000000931,USD,"Close short position for symbol VANTAGE:NAS100 at price 29183.95 for 740 units. Position AVG Price was 29172.785135, currency: USD, rate: 1.000000, point value: 1.000000"
2026-08-25 18:02:20,413227.90000000875,404590.5000000124,-8637.399999996356,USD,"Close long position for symbol VANTAGE:NAS100 at price 29152.15 for 700 units. Position AVG Price was 29164.489143, currency: USD, rate: 1.000000, point value: 1.000000"
2026-08-25 17:40:28,411553.9000000083,413227.90000000875,1674.0000000004657,USD,"Close short position for symbol VANTAGE:NAS100 at price 29198.45 for 620 units. Position AVG Price was 29201.150000, currency: USD, rate: 1.000000, point value: 1.000000"
2026-08-25 17:30:11,321160.90000000945,411553.9000000083,90392.99999999884,USD,"Close short position for symbol VANTAGE:NAS100 at price 29155.45 for 540 units. Position AVG Price was 29322.844444, currency: USD, rate: 1.000000, point value: 1.000000"
2026-08-25 16:50:18,298301.9000000082,321160.90000000945,22859.00000000128,USD,"Close long position for symbol VANTAGE:NAS100 at price 29325.40 for 520 units. Position AVG Price was 29281.440385, currency: USD, rate: 1.000000, point value: 1.000000"
2026-08-25 15:42:02,274749.9000000078,298301.9000000082,23552.00000000035,USD,"Close short position for symbol VANTAGE:NAS100 at price 29270.95 for 460 units. Position AVG Price was 29322.150000, currency: USD, rate: 1.000000, point value: 1.000000"
2026-08-25 15:17:43,311657.9000000086,274749.9000000078,-36908.00000000076,USD,"Close short position for symbol VANTAGE:NAS100 at price 29348.45 for 560 units. Position AVG Price was 29282.542857, currency: USD, rate: 1.000000, point value: 1.000000"
2026-08-25 03:15:15,323442.84255145036,311657.9000000086,-11784.942551441782,USD,"Close long position for symbol VANTAGE:NAS100 at price 28979.75 for 600 units. Position AVG Price was 28999.391571, currency: USD, rate: 1.000000, point value: 1.000000"
2026-08-24 22:50:01,321570.57111112116,323442.84255145036,1872.2714403292048,USD,"Close long position for symbol VANTAGE:NAS100 at price 29084.15 for 20 units. Position AVG Price was 28990.536428, currency: USD, rate: 1.000000, point value: 1.000000"
2026-08-24 21:30:16,317485.6792592694,321570.57111112116,4084.891851851775,USD,"Close long position for symbol VANTAGE:NAS100 at price 29168.77 for 20 units. Position AVG Price was 28964.525407, currency: USD, rate: 1.000000, point value: 1.000000"
2026-08-24 21:22:09,313648.1874074176,317485.6792592694,3837.4918518518098,USD,"Close long position for symbol VANTAGE:NAS100 at price 29156.40 for 20 units. Position AVG Price was 28964.525407, currency: USD, rate: 1.000000, point value: 1.000000"
2026-08-24 21:22:05,309943.2955555658,313648.1874074176,3704.891851851775,USD,"Close long position for symbol VANTAGE:NAS100 at price 29149.77 for 20 units. Position AVG Price was 28964.525407, currency: USD, rate: 1.000000, point value: 1.000000"
2026-08-24 21:15:46,306460.803703714,309943.2955555658,3482.4918518518098,USD,"Close long position for symbol VANTAGE:NAS100 at price 29138.65 for 20 units. Position AVG Price was 28964.525407, currency: USD, rate: 1.000000, point value: 1.000000"
2026-08-24 18:46:52,302338.18888889917,306460.803703714,4122.61481481482,USD,"Close long position for symbol VANTAGE:NAS100 at price 29139.40 for 20 units. Position AVG Price was 28933.269259, currency: USD, rate: 1.000000, point value: 1.000000"
2026-08-24 18:40:55,298615.57407408435,302338.18888889917,3722.6148148148204,USD,"Close long position for symbol VANTAGE:NAS100 at price 29119.40 for 20 units. Position AVG Price was 28933.269259, currency: USD, rate: 1.000000, point value: 1.000000"
2026-08-24 18:39:40,295225.55925926956,298615.57407408435,3390.0148148147855,USD,"Close long position for symbol VANTAGE:NAS100 at price 29102.77 for 20 units. Position AVG Price was 28933.269259, currency: USD, rate: 1.000000, point value: 1.000000"
2026-08-24 18:37:19,292077.94444445474,295225.55925926956,3147.6148148148204,USD,"Close long position for symbol VANTAGE:NAS100 at price 29090.65 for 20 units. Position AVG Price was 28933.269259, currency: USD, rate: 1.000000, point value: 1.000000"
2026-08-24 18:31:23,289415.3296296399,292077.94444445474,2662.6148148148204,USD,"Close long position for symbol VANTAGE:NAS100 at price 29066.40 for 20 units. Position AVG Price was 28933.269259, currency: USD, rate: 1.000000, point value: 1.000000"
2026-08-24 18:29:06,286557.7148148251,289415.3296296399,2857.6148148148204,USD,"Close long position for symbol VANTAGE:NAS100 at price 29076.15 for 20 units. Position AVG Price was 28933.269259, currency: USD, rate: 1.000000, point value: 1.000000"
2026-08-24 18:29:04,283841.10000001034,286557.7148148251,2716.614814814762,USD,"Close long position for symbol VANTAGE:NAS100 at price 29069.10 for 20 units. Position AVG Price was 28933.269259, currency: USD, rate: 1.000000, point value: 1.000000"
2026-08-24 16:44:24,301397.10000001016,283841.10000001034,-17555.999999999825,USD,"Close long position for symbol VANTAGE:NAS100 at price 28939.15 for 220 units. Position AVG Price was 29018.950000, currency: USD, rate: 1.000000, point value: 1.000000"
2026-08-24 16:30:18,302706.1000000101,301397.10000001016,-1308.9999999999418,USD,"Close long position for symbol VANTAGE:NAS100 at price 29118.65 for 60 units. Position AVG Price was 29140.466667, currency: USD, rate: 1.000000, point value: 1.000000"
2026-08-24 02:26:03,300528.1000000101,302706.1000000101,2178,USD,"Close long position for symbol VANTAGE:NAS100 at price 29370.00 for 20 units. Position AVG Price was 29261.100000, currency: USD, rate: 1.000000, point value: 1.000000"
2026-08-21 19:58:44,288258.10000001005,300528.1000000101,12270.000000000058,USD,"Close long position for symbol VANTAGE:NAS100 at price 29344.20 for 100 units. Position AVG Price was 29221.500000, currency: USD, rate: 1.000000, point value: 1.000000"
2026-08-21 17:19:01,290963.10000001,288258.10000001005,-2704.999999999942,USD,"Close long position for symbol VANTAGE:NAS100 at price 29174.45 for 100 units. Position AVG Price was 29201.500000, currency: USD, rate: 1.000000, point value: 1.000000"
2026-08-21 17:14:40,293087.10000000993,290963.10000001,-2123.999999999942,USD,"Close long position for symbol VANTAGE:NAS100 at price 29189.70 for 80 units. Position AVG Price was 29216.250000, currency: USD, rate: 1.000000, point value: 1.000000"
2026-08-21 16:53:04,296096.1000000099,293087.10000000993,-3008.999999999942,USD,"Close long position for symbol VANTAGE:NAS100 at price 29214.20 for 80 units. Position AVG Price was 29251.812500, currency: USD, rate: 1.000000, point value: 1.000000"
2026-08-21 16:32:03,285038.18000001,296096.1000000099,11057.919999999867,USD,"Close short position for symbol VANTAGE:NAS100 at price 29326.00 for 80 units. Position AVG Price was 29464.224000, currency: USD, rate: 1.000000, point value: 1.000000"
2026-08-21 16:31:45,275500.26000001014,285038.18000001,9537.919999999867,USD,"Close short position for symbol VANTAGE:NAS100 at price 29345.00 for 80 units. Position AVG Price was 29464.224000, currency: USD, rate: 1.000000, point value: 1.000000"
2026-08-21 16:25:01,267282.34000001027,275500.26000001014,8217.919999999867,USD,"Close short position for symbol VANTAGE:NAS100 at price 29361.50 for 80 units. Position AVG Price was 29464.224000, currency: USD, rate: 1.000000, point value: 1.000000"
2026-08-21 16:19:17,261084.4200000104,267282.34000001027,6197.919999999867,USD,"Close short position for symbol VANTAGE:NAS100 at price 29386.75 for 80 units. Position AVG Price was 29464.224000, currency: USD, rate: 1.000000, point value: 1.000000"
2026-08-21 16:11:28,257006.50000001054,261084.4200000104,4077.9199999998673,USD,"Close short position for symbol VANTAGE:NAS100 at price 29413.25 for 80 units. Position AVG Price was 29464.224000, currency: USD, rate: 1.000000, point value: 1.000000"
2026-08-21 15:45:02,264201.50000001024,257006.50000001054,-7194.999999999709,USD,"Close short position for symbol VANTAGE:NAS100 at price 29466.75 for 400 units. Position AVG Price was 29448.762500, currency: USD, rate: 1.000000, point value: 1.000000"
2026-08-21 05:22:56,257467.70000001052,264201.50000001024,6733.799999999726,USD,"Close long position for symbol VANTAGE:NAS100 at price 29324.23 for 40 units. Position AVG Price was 29155.885000, currency: USD, rate: 1.000000, point value: 1.000000"
2026-08-21 03:14:46,254600.80000001064,257467.70000001052,2866.8999999998778,USD,"Close long position for symbol VANTAGE:NAS100 at price 29299.23 for 20 units. Position AVG Price was 29155.885000, currency: USD, rate: 1.000000, point value: 1.000000"
2026-08-21 01:00:04,247337.50000001106,249758.60000001092,2421.0999999998603,USD,"Close long position for symbol VANTAGE:NAS100 at price 29276.94 for 20 units. Position AVG Price was 29155.885000, currency: USD, rate: 1.000000, point value: 1.000000"
2026-08-21 01:00:04,249758.60000001092,252179.70000001078,2421.0999999998603,USD,"Close long position for symbol VANTAGE:NAS100 at price 29276.94 for 20 units. Position AVG Price was 29155.885000, currency: USD, rate: 1.000000, point value: 1.000000"
2026-08-21 01:00:04,252179.70000001078,254600.80000001064,2421.0999999998603,USD,"Close long position for symbol VANTAGE:NAS100 at price 29276.94 for 20 units. Position AVG Price was 29155.885000, currency: USD, rate: 1.000000, point value: 1.000000"
2026-08-20 22:39:00,245203.00000001115,247337.50000001106,2134.4999999999127,USD,"Close long position for symbol VANTAGE:NAS100 at price 29262.61 for 20 units. Position AVG Price was 29155.885000, currency: USD, rate: 1.000000, point value: 1.000000"
2026-08-20 22:36:35,243301.10000001127,245203.00000001115,1901.8999999998778,USD,"Close long position for symbol VANTAGE:NAS100 at price 29250.98 for 20 units. Position AVG Price was 29155.885000, currency: USD, rate: 1.000000, point value: 1.000000"
2026-08-20 22:36:00,241501.60000001139,243301.10000001127,1799.4999999998836,USD,"Close long position for symbol VANTAGE:NAS100 at price 29245.86 for 20 units. Position AVG Price was 29155.885000, currency: USD, rate: 1.000000, point value: 1.000000"
2026-08-20 22:24:11,239932.1000000115,241501.60000001139,1569.4999999998836,USD,"Close long position for symbol VANTAGE:NAS100 at price 29234.36 for 20 units. Position AVG Price was 29155.885000, currency: USD, rate: 1.000000, point value: 1.000000"
2026-08-20 21:10:43,241156.10000001115,239932.1000000115,-1223.9999999996508,USD,"Close long position for symbol VANTAGE:NAS100 at price 29154.36 for 80 units. Position AVG Price was 29169.660000, currency: USD, rate: 1.000000, point value: 1.000000"
2026-08-20 18:29:21,239267.1000000112,241156.10000001115,1888.9999999999418,USD,"Close short position for symbol VANTAGE:NAS100 at price 29274.41 for 20 units. Position AVG Price was 29368.860000, currency: USD, rate: 1.000000, point value: 1.000000"
2026-08-20 18:11:32,237173.10000001127,239267.1000000112,2093.999999999942,USD,"Close short position for symbol VANTAGE:NAS100 at price 29264.16 for 20 units. Position AVG Price was 29368.860000, currency: USD, rate: 1.000000, point value: 1.000000"
2026-08-20 18:09:33,235469.10000001133,237173.10000001127,1703.9999999999418,USD,"Close short position for symbol VANTAGE:NAS100 at price 29283.66 for 20 units. Position AVG Price was 29368.860000, currency: USD, rate: 1.000000, point value: 1.000000"
2026-08-20 18:01:32,237286.10000001144,235469.10000001133,-1817.0000000001164,USD,"Close short position for symbol VANTAGE:NAS100 at price 29379.91 for 40 units. Position AVG Price was 29334.485000, currency: USD, rate: 1.000000, point value: 1.000000"
2026-08-20 16:53:02,234742.10000001144,237286.10000001144,2544,USD,"Close short position for symbol VANTAGE:NAS100 at price 29247.16 for 20 units. Position AVG Price was 29374.360000, currency: USD, rate: 1.000000, point value: 1.000000"
2026-08-20 14:21:59,222187.10000001144,234742.10000001144,12555,USD,"Close short position for symbol VANTAGE:NAS100 at price 29383.86 for 180 units. Position AVG Price was 29453.610000, currency: USD, rate: 1.000000, point value: 1.000000"
2026-08-20 14:07:03,220480.10000001139,222187.10000001144,1707.0000000000582,USD,"Close short position for symbol VANTAGE:NAS100 at price 29425.16 for 60 units. Position AVG Price was 29453.610000, currency: USD, rate: 1.000000, point value: 1.000000"
2026-08-20 14:05:55,218848.10000001136,220480.10000001139,1632.000000000029,USD,"Close short position for symbol VANTAGE:NAS100 at price 29426.41 for 60 units. Position AVG Price was 29453.610000, currency: USD, rate: 1.000000, point value: 1.000000"
2026-08-20 14:00:22,220528.10000001092,218848.10000001136,-1679.9999999995634,USD,"Close long position for symbol VANTAGE:NAS100 at price 29475.31 for 300 units. Position AVG Price was 29480.910000, currency: USD, rate: 1.000000, point value: 1.000000"
2026-08-20 13:47:39,223468.10000001072,220528.10000001092,-2939.9999999997963,USD,"Close short position for symbol VANTAGE:NAS100 at price 29480.41 for 300 units. Position AVG Price was 29470.610000, currency: USD, rate: 1.000000, point value: 1.000000"
2026-08-20 13:37:44,227623.10000001028,223468.10000001072,-4154.999999999563,USD,"Close short position for symbol VANTAGE:NAS100 at price 29474.96 for 300 units. Position AVG Price was 29461.110000, currency: USD, rate: 1.000000, point value: 1.000000"
2026-08-20 13:36:28,230038.10000001005,227623.10000001028,-2414.999999999767,USD,"Close short position for symbol VANTAGE:NAS100 at price 29479.16 for 300 units. Position AVG Price was 29471.110000, currency: USD, rate: 1.000000, point value: 1.000000"
2026-08-19 21:57:02,228082.1000000097,230038.10000001005,1956.0000000003492,USD,"Close long position for symbol VANTAGE:NAS100 at price 29467.86 for 80 units. Position AVG Price was 29443.410000, currency: USD, rate: 1.000000, point value: 1.000000"
2026-08-19 21:07:00,228186.10000000935,228082.1000000097,-103.99999999965075,USD,"Close long position for symbol VANTAGE:NAS100 at price 29466.61 for 80 units. Position AVG Price was 29467.910000, currency: USD, rate: 1.000000, point value: 1.000000"
2026-08-19 20:03:18,229696.1000000092,228186.10000000935,-1509.9999999998545,USD,"Close long position for symbol VANTAGE:NAS100 at price 29480.61 for 100 units. Position AVG Price was 29495.710000, currency: USD, rate: 1.000000, point value: 1.000000"
2026-08-19 19:21:46,227692.10000000912,229696.1000000092,2004.0000000000873,USD,"Close long position for symbol VANTAGE:NAS100 at price 29575.61 for 20 units. Position AVG Price was 29475.410000, currency: USD, rate: 1.000000, point value: 1.000000"
2026-08-19 17:11:35,199704.4333333422,227692.10000000912,27987.66666666692,USD,"Close short position for symbol VANTAGE:NAS100 at price 29320.91 for 80 units. Position AVG Price was 29670.755833, currency: USD, rate: 1.000000, point value: 1.000000"
2026-08-19 16:49:03,180836.76666667528,199704.4333333422,18867.66666666692,USD,"Close short position for symbol VANTAGE:NAS100 at price 29434.91 for 80 units. Position AVG Price was 29670.755833, currency: USD, rate: 1.000000, point value: 1.000000"
2026-08-19 16:40:31,168149.10000000836,180836.76666667528,12687.666666666919,USD,"Close short position for symbol VANTAGE:NAS100 at price 29512.16 for 80 units. Position AVG Price was 29670.755833, currency: USD, rate: 1.000000, point value: 1.000000"
2026-08-19 16:25:52,163942.37272728106,168149.10000000836,4206.727272727294,USD,"Close long position for symbol VANTAGE:NAS100 at price 29679.11 for 20 units. Position AVG Price was 29468.773636, currency: USD, rate: 1.000000, point value: 1.000000"
2026-08-19 16:25:09,160130.64545455377,163942.37272728106,3811.727272727294,USD,"Close long position for symbol VANTAGE:NAS100 at price 29659.36 for 20 units. Position AVG Price was 29468.773636, currency: USD, rate: 1.000000, point value: 1.000000"
2026-08-19 16:24:59,155943.91818182648,160130.64545455377,4186.727272727294,USD,"Close long position for symbol VANTAGE:NAS100 at price 29678.11 for 20 units. Position AVG Price was 29468.773636, currency: USD, rate: 1.000000, point value: 1.000000"
2026-08-19 16:06:06,152702.19090909918,155943.91818182648,3241.727272727294,USD,"Close long position for symbol VANTAGE:NAS100 at price 29630.86 for 20 units. Position AVG Price was 29468.773636, currency: USD, rate: 1.000000, point value: 1.000000"
2026-08-19 15:51:59,148275.4636363719,152702.19090909918,4426.727272727294,USD,"Close long position for symbol VANTAGE:NAS100 at price 29690.11 for 20 units. Position AVG Price was 29468.773636, currency: USD, rate: 1.000000, point value: 1.000000"
2026-08-19 15:50:14,144293.7363636446,148275.4636363719,3981.727272727294,USD,"Close long position for symbol VANTAGE:NAS100 at price 29667.86 for 20 units. Position AVG Price was 29468.773636, currency: USD, rate: 1.000000, point value: 1.000000"
2026-08-19 15:47:32,140612.0090909173,144293.7363636446,3681.727272727294,USD,"Close long position for symbol VANTAGE:NAS100 at price 29652.86 for 20 units. Position AVG Price was 29468.773636, currency: USD, rate: 1.000000, point value: 1.000000"
2026-08-19 15:47:13,137080.28181819,140612.0090909173,3531.727272727294,USD,"Close long position for symbol VANTAGE:NAS100 at price 29645.36 for 20 units. Position AVG Price was 29468.773636, currency: USD, rate: 1.000000, point value: 1.000000"
2026-08-19 15:46:21,133798.5545454627,137080.28181819,3281.727272727294,USD,"Close long position for symbol VANTAGE:NAS100 at price 29632.86 for 20 units. Position AVG Price was 29468.773636, currency: USD, rate: 1.000000, point value: 1.000000"
2026-08-19 15:46:03,130436.8272727354,133798.5545454627,3361.7272727273084,USD,"Close long position for symbol VANTAGE:NAS100 at price 29636.86 for 20 units. Position AVG Price was 29468.773636, currency: USD, rate: 1.000000, point value: 1.000000"
2026-08-19 15:45:59,127140.10000000811,130436.8272727354,3296.727272727294,USD,"Close long position for symbol VANTAGE:NAS100 at price 29633.61 for 20 units. Position AVG Price was 29468.773636, currency: USD, rate: 1.000000, point value: 1.000000"
2026-08-19 14:34:24,132871.10000000795,127140.10000000811,-5730.99999999984,USD,"Close long position for symbol VANTAGE:NAS100 at price 29457.86 for 220 units. Position AVG Price was 29483.910000, currency: USD, rate: 1.000000, point value: 1.000000"
2026-08-19 13:57:54,138107.1000000078,132871.10000000795,-5235.9999999998545,USD,"Close long position for symbol VANTAGE:NAS100 at price 29455.11 for 220 units. Position AVG Price was 29478.910000, currency: USD, rate: 1.000000, point value: 1.000000"
2026-08-19 12:55:56,143759.10000000763,138107.1000000078,-5651.999999999825,USD,"Close long position for symbol VANTAGE:NAS100 at price 29472.61 for 240 units. Position AVG Price was 29496.160000, currency: USD, rate: 1.000000, point value: 1.000000"
2026-08-19 03:01:16,147191.10000000746,143759.10000000763,-3431.9999999998254,USD,"Close long position for symbol VANTAGE:NAS100 at price 29449.86 for 240 units. Position AVG Price was 29464.160000, currency: USD, rate: 1.000000, point value: 1.000000"
2026-08-19 01:40:07,150559.10000000763,147191.10000000746,-3368.0000000001746,USD,"Close long position for symbol VANTAGE:NAS100 at price 29460.31 for 260 units. Position AVG Price was 29473.263846, currency: USD, rate: 1.000000, point value: 1.000000"
2026-08-18 18:23:02,150489.20000000764,150559.10000000763,69.89999999999418,USD,"Close long position for symbol VANTAGE:NAS100 at price 29503.81 for 2 units. Position AVG Price was 29468.860000, currency: USD, rate: 1.000000, point value: 1.000000"
2026-08-18 18:09:00,153817.20000000746,150489.20000000764,-3327.9999999998254,USD,"Close long position for symbol VANTAGE:NAS100 at price 29476.06 for 260 units. Position AVG Price was 29488.860000, currency: USD, rate: 1.000000, point value: 1.000000"
2026-08-18 17:58:53,157535.2000000073,153817.20000000746,-3717.9999999998254,USD,"Close long position for symbol VANTAGE:NAS100 at price 29473.56 for 260 units. Position AVG Price was 29487.860000, currency: USD, rate: 1.000000, point value: 1.000000"
2026-08-18 17:57:30,161578.2000000071,157535.2000000073,-4042.9999999998254,USD,"Close long position for symbol VANTAGE:NAS100 at price 29480.56 for 260 units. Position AVG Price was 29496.110000, currency: USD, rate: 1.000000, point value: 1.000000"
2026-08-18 17:56:14,166856.20000000694,161578.2000000071,-5277.999999999825,USD,"Close long position for symbol VANTAGE:NAS100 at price 29487.56 for 260 units. Position AVG Price was 29507.860000, currency: USD, rate: 1.000000, point value: 1.000000"
2026-08-18 17:51:49,171289.20000000676,166856.20000000694,-4432.999999999825,USD,"Close long position for symbol VANTAGE:NAS100 at price 29533.56 for 260 units. Position AVG Price was 29550.610000, currency: USD, rate: 1.000000, point value: 1.000000"
2026-08-18 17:49:35,167890.2000000066,171289.20000000676,3399.0000000001746,USD,"Close long position for symbol VANTAGE:NAS100 at price 29530.31 for 220 units. Position AVG Price was 29514.860000, currency: USD, rate: 1.000000, point value: 1.000000"
2026-08-18 17:29:22,166201.2000000066,167890.2000000066,1689,USD,"Close long position for symbol VANTAGE:NAS100 at price 29599.31 for 20 units. Position AVG Price was 29514.860000, currency: USD, rate: 1.000000, point value: 1.000000"
2026-08-18 17:29:17,164507.20000000656,166201.2000000066,1694.000000000029,USD,"Close long position for symbol VANTAGE:NAS100 at price 29599.56 for 20 units. Position AVG Price was 29514.860000, currency: USD, rate: 1.000000, point value: 1.000000"
2026-08-18 17:11:14,174320.80000000636,164507.20000000656,-9813.599999999802,USD,"Close long position for symbol VANTAGE:NAS100 at price 29514.06 for 282 units. Position AVG Price was 29548.860000, currency: USD, rate: 1.000000, point value: 1.000000"
2026-08-18 17:09:54,182259.80000000645,174320.80000000636,-7939.000000000087,USD,"Close long position for symbol VANTAGE:NAS100 at price 29553.81 for 280 units. Position AVG Price was 29582.163571, currency: USD, rate: 1.000000, point value: 1.000000"
2026-08-18 17:06:10,185332.80000000712,182259.80000000645,-3073.0000000006694,USD,"Close long position for symbol VANTAGE:NAS100 at price 29563.06 for 260 units. Position AVG Price was 29574.879231, currency: USD, rate: 1.000000, point value: 1.000000"
2026-08-18 16:55:10,196092.80000000697,185332.80000000712,-10759.999999999854,USD,"Close long position for symbol VANTAGE:NAS100 at price 29553.06 for 200 units. Position AVG Price was 29606.860000, currency: USD, rate: 1.000000, point value: 1.000000"
2026-08-18 16:49:49,195072.80000000692,196092.80000000697,1020.0000000000582,USD,"Close long position for symbol VANTAGE:NAS100 at price 29579.81 for 100 units. Position AVG Price was 29569.610000, currency: USD, rate: 1.000000, point value: 1.000000"
2026-08-18 16:41:03,192558.80000000692,195072.80000000692,2514,USD,"Close long position for symbol VANTAGE:NAS100 at price 29695.31 for 20 units. Position AVG Price was 29569.610000, currency: USD, rate: 1.000000, point value: 1.000000"
2026-08-18 16:40:11,190589.80000000692,192558.80000000692,1969,USD,"Close long position for symbol VANTAGE:NAS100 at price 29668.06 for 20 units. Position AVG Price was 29569.610000, currency: USD, rate: 1.000000, point value: 1.000000"
2026-08-18 16:38:34,188745.80000000692,190589.80000000692,1844,USD,"Close long position for symbol VANTAGE:NAS100 at price 29661.81 for 20 units. Position AVG Price was 29569.610000, currency: USD, rate: 1.000000, point value: 1.000000"
2026-08-18 16:37:22,187596.80000000692,188745.80000000692,1149,USD,"Close long position for symbol VANTAGE:NAS100 at price 29627.06 for 20 units. Position AVG Price was 29569.610000, currency: USD, rate: 1.000000, point value: 1.000000"
2026-08-18 16:36:23,186072.80000000692,187596.80000000692,1524,USD,"Close long position for symbol VANTAGE:NAS100 at price 29645.81 for 20 units. Position AVG Price was 29569.610000, currency: USD, rate: 1.000000, point value: 1.000000"
2026-08-18 16:33:00,189322.80000000692,186072.80000000692,-3250,USD,"Close long position for symbol VANTAGE:NAS100 at price 29597.81 for 200 units. Position AVG Price was 29614.060000, currency: USD, rate: 1.000000, point value: 1.000000"
2026-08-18 16:26:04,191295.80000000738,189322.80000000692,-1973.0000000004657,USD,"Close long position for symbol VANTAGE:NAS100 at price 29614.06 for 160 units. Position AVG Price was 29626.391250, currency: USD, rate: 1.000000, point value: 1.000000"
2026-08-18 15:45:22,191748.80000000732,191295.80000000738,-452.9999999999418,USD,"Close long position for symbol VANTAGE:NAS100 at price 29618.56 for 60 units. Position AVG Price was 29626.110000, currency: USD, rate: 1.000000, point value: 1.000000"
2026-08-18 15:30:51,192396.80000000726,191748.80000000732,-647.9999999999418,USD,"Close long position for symbol VANTAGE:NAS100 at price 29636.56 for 60 units. Position AVG Price was 29647.360000, currency: USD, rate: 1.000000, point value: 1.000000"
2026-08-18 15:26:40,193464.80000000724,192396.80000000726,-1067.999999999971,USD,"Close long position for symbol VANTAGE:NAS100 at price 29649.06 for 60 units. Position AVG Price was 29666.860000, currency: USD, rate: 1.000000, point value: 1.000000"
2026-08-18 15:10:47,193746.05925926648,193464.80000000724,-281.25925925924093,USD,"Close long position for symbol VANTAGE:NAS100 at price 29667.56 for 40 units. Position AVG Price was 29674.591481, currency: USD, rate: 1.000000, point value: 1.000000"
2026-08-18 15:04:49,192461.31851852566,193746.05925926648,1284.7407407408173,USD,"Close long position for symbol VANTAGE:NAS100 at price 29714.56 for 20 units. Position AVG Price was 29650.322963, currency: USD, rate: 1.000000, point value: 1.000000"
2026-08-18 14:47:30,191416.57777778484,192461.31851852566,1044.7407407408173,USD,"Close long position for symbol VANTAGE:NAS100 at price 29702.56 for 20 units. Position AVG Price was 29650.322963, currency: USD, rate: 1.000000, point value: 1.000000"
2026-08-18 14:01:15,190576.46666667366,191416.57777778484,840.1111111111823,USD,"Close long position for symbol VANTAGE:NAS100 at price 29685.06 for 20 units. Position AVG Price was 29643.054444, currency: USD, rate: 1.000000, point value: 1.000000"
2026-08-18 13:34:02,189760.80000000694,190576.46666667366,815.6666666667152,USD,"Close long position for symbol VANTAGE:NAS100 at price 29675.31 for 20 units. Position AVG Price was 29634.526667, currency: USD, rate: 1.000000, point value: 1.000000"
2026-08-18 12:50:10,190573.80000000668,189760.80000000694,-812.9999999997381,USD,"Close long position for symbol VANTAGE:NAS100 at price 29630.31 for 60 units. Position AVG Price was 29643.860000, currency: USD, rate: 1.000000, point value: 1.000000"
2026-08-18 12:41:11,192146.8000000065,190573.80000000668,-1572.9999999998254,USD,"Close long position for symbol VANTAGE:NAS100 at price 29637.81 for 60 units. Position AVG Price was 29664.026667, currency: USD, rate: 1.000000, point value: 1.000000"
2026-08-17 20:23:06,180970.80000000645,192146.8000000065,11176.000000000058,USD,"Close short position for symbol VANTAGE:NAS100 at price 30035.30 for 80 units. Position AVG Price was 30175.000000, currency: USD, rate: 1.000000, point value: 1.000000"
2026-08-17 20:17:41,178551.80000000645,180970.80000000645,2419,USD,"Close short position for symbol VANTAGE:NAS100 at price 30054.05 for 20 units. Position AVG Price was 30175.000000, currency: USD, rate: 1.000000, point value: 1.000000"
2026-08-17 20:17:32,176087.80000000645,178551.80000000645,2464,USD,"Close short position for symbol VANTAGE:NAS100 at price 30051.80 for 20 units. Position AVG Price was 30175.000000, currency: USD, rate: 1.000000, point value: 1.000000"
2026-08-17 20:17:29,173608.80000000645,176087.80000000645,2479,USD,"Close short position for symbol VANTAGE:NAS100 at price 30051.05 for 20 units. Position AVG Price was 30175.000000, currency: USD, rate: 1.000000, point value: 1.000000"
2026-08-17 20:17:27,171134.80000000645,173608.80000000645,2474,USD,"Close short position for symbol VANTAGE:NAS100 at price 30051.30 for 20 units. Position AVG Price was 30175.000000, currency: USD, rate: 1.000000, point value: 1.000000"
2026-08-17 20:15:53,169000.80000000645,171134.80000000645,2134,USD,"Close short position for symbol VANTAGE:NAS100 at price 30068.30 for 20 units. Position AVG Price was 30175.000000, currency: USD, rate: 1.000000, point value: 1.000000"
2026-08-17 20:14:57,166791.80000000645,169000.80000000645,2209,USD,"Close short position for symbol VANTAGE:NAS100 at price 30064.55 for 20 units. Position AVG Price was 30175.000000, currency: USD, rate: 1.000000, point value: 1.000000"
2026-08-17 20:08:58,165030.2000000064,166791.80000000645,1761.600000000035,USD,"Close short position for symbol VANTAGE:NAS100 at price 30086.92 for 20 units. Position AVG Price was 30175.000000, currency: USD, rate: 1.000000, point value: 1.000000"
2026-08-17 19:50:15,163888.60000000638,165030.2000000064,1141.600000000035,USD,"Close short position for symbol VANTAGE:NAS100 at price 30117.92 for 20 units. Position AVG Price was 30175.000000, currency: USD, rate: 1.000000, point value: 1.000000"
2026-08-17 19:49:40,162694.60000000638,163888.60000000638,1194,USD,"Close short position for symbol VANTAGE:NAS100 at price 30115.30 for 20 units. Position AVG Price was 30175.000000, currency: USD, rate: 1.000000, point value: 1.000000"
2026-08-17 18:35:07,166009.60000000638,162694.60000000638,-3315,USD,"Close long position for symbol VANTAGE:NAS100 at price 30168.55 for 260 units. Position AVG Price was 30181.300000, currency: USD, rate: 1.000000, point value: 1.000000"
2026-08-17 18:32:12,165748.6000000066,166009.60000000638,260.99999999976717,USD,"Close long position for symbol VANTAGE:NAS100 at price 30189.00 for 280 units. Position AVG Price was 30188.067857, currency: USD, rate: 1.000000, point value: 1.000000"
2026-08-17 18:25:21,169149.4000000062,165748.6000000066,-3400.799999999581,USD,"Close long position for symbol VANTAGE:NAS100 at price 30190.75 for 240 units. Position AVG Price was 30204.920000, currency: USD, rate: 1.000000, point value: 1.000000"
2026-08-17 18:14:14,168321.40000000602,169149.4000000062,828.0000000001746,USD,"Close long position for symbol VANTAGE:NAS100 at price 30191.00 for 240 units. Position AVG Price was 30187.550000, currency: USD, rate: 1.000000, point value: 1.000000"
2026-08-17 18:09:36,169684.6000000061,168321.40000000602,-1363.2000000000698,USD,"Close long position for symbol VANTAGE:NAS100 at price 30190.62 for 240 units. Position AVG Price was 30196.300000, currency: USD, rate: 1.000000, point value: 1.000000"
2026-08-17 18:09:07,171136.6000000059,169684.6000000061,-1451.9999999998254,USD,"Close long position for symbol VANTAGE:NAS100 at price 30191.75 for 240 units. Position AVG Price was 30197.800000, currency: USD, rate: 1.000000, point value: 1.000000"
2026-08-17 18:04:14,173891.60000000548,171136.6000000059,-2754.9999999995634,USD,"Close short position for symbol VANTAGE:NAS100 at price 30194.55 for 200 units. Position AVG Price was 30180.775000, currency: USD, rate: 1.000000, point value: 1.000000"
2026-08-17 18:01:43,175259.60000000536,173891.60000000548,-1367.9999999998836,USD,"Close short position for symbol VANTAGE:NAS100 at price 30175.05 for 160 units. Position AVG Price was 30166.500000, currency: USD, rate: 1.000000, point value: 1.000000"
2026-08-17 17:59:44,177467.20000000473,175259.60000000536,-2207.5999999993655,USD,"Close short position for symbol VANTAGE:NAS100 at price 30173.30 for 200 units. Position AVG Price was 30162.262000, currency: USD, rate: 1.000000, point value: 1.000000"
2026-08-17 17:57:35,180211.20000000473,177467.20000000473,-2744,USD,"Close short position for symbol VANTAGE:NAS100 at price 30158.05 for 180 units. Position AVG Price was 30142.805556, currency: USD, rate: 1.000000, point value: 1.000000"
2026-08-17 17:51:21,178554.2000000046,180211.20000000473,1657.0000000001164,USD,"Close short position for symbol VANTAGE:NAS100 at price 30151.05 for 160 units. Position AVG Price was 30161.406250, currency: USD, rate: 1.000000, point value: 1.000000"
2026-08-17 17:09:28,177500.2000000046,178554.2000000046,1054,USD,"Close short position for symbol VANTAGE:NAS100 at price 30117.55 for 20 units. Position AVG Price was 30170.250000, currency: USD, rate: 1.000000, point value: 1.000000"
2026-08-17 17:08:25,175941.2000000046,177500.2000000046,1559,USD,"Close short position for symbol VANTAGE:NAS100 at price 30092.30 for 20 units. Position AVG Price was 30170.250000, currency: USD, rate: 1.000000, point value: 1.000000"
2026-08-17 17:08:15,174557.20000000458,175941.2000000046,1384.000000000029,USD,"Close short position for symbol VANTAGE:NAS100 at price 30101.05 for 20 units. Position AVG Price was 30170.250000, currency: USD, rate: 1.000000, point value: 1.000000"
2026-08-17 16:51:36,175938.20000000435,174557.20000000458,-1380.9999999997672,USD,"Close short position for symbol VANTAGE:NAS100 at price 30167.30 for 120 units. Position AVG Price was 30155.791667, currency: USD, rate: 1.000000, point value: 1.000000"
2026-08-17 15:39:57,172737.70000000432,175938.20000000435,3200.500000000029,USD,"Close short position for symbol VANTAGE:NAS100 at price 30123.30 for 40 units. Position AVG Price was 30203.312500, currency: USD, rate: 1.000000, point value: 1.000000"
2026-08-17 15:32:53,171942.45000000432,172737.70000000432,795.25,USD,"Close short position for symbol VANTAGE:NAS100 at price 30163.55 for 20 units. Position AVG Price was 30203.312500, currency: USD, rate: 1.000000, point value: 1.000000"
2026-08-17 15:30:37,171367.20000000432,171942.45000000432,575.25,USD,"Close short position for symbol VANTAGE:NAS100 at price 30174.55 for 20 units. Position AVG Price was 30203.312500, currency: USD, rate: 1.000000, point value: 1.000000"
2026-08-17 15:29:19,170591.95000000432,171367.20000000432,775.25,USD,"Close short position for symbol VANTAGE:NAS100 at price 30164.55 for 20 units. Position AVG Price was 30203.312500, currency: USD, rate: 1.000000, point value: 1.000000"
2026-08-17 15:29:05,170026.70000000432,170591.95000000432,565.25,USD,"Close short position for symbol VANTAGE:NAS100 at price 30175.05 for 20 units. Position AVG Price was 30203.312500, currency: USD, rate: 1.000000, point value: 1.000000"
2026-08-17 15:28:28,169326.45000000432,170026.70000000432,700.25,USD,"Close short position for symbol VANTAGE:NAS100 at price 30168.30 for 20 units. Position AVG Price was 30203.312500, currency: USD, rate: 1.000000, point value: 1.000000"
2026-08-17 15:28:12,168751.20000000432,169326.45000000432,575.25,USD,"Close short position for symbol VANTAGE:NAS100 at price 30174.55 for 20 units. Position AVG Price was 30203.312500, currency: USD, rate: 1.000000, point value: 1.000000"
2026-08-17 15:10:25,167901.3428571471,168751.20000000432,849.8571428572177,USD,"Close short position for symbol VANTAGE:NAS100 at price 30207.80 for 60 units. Position AVG Price was 30221.964286, currency: USD, rate: 1.000000, point value: 1.000000"
2026-08-17 15:06:04,167093.05714286136,167901.3428571471,808.2857142857392,USD,"Close short position for symbol VANTAGE:NAS100 at price 30181.55 for 20 units. Position AVG Price was 30221.964286, currency: USD, rate: 1.000000, point value: 1.000000"
2026-08-17 15:05:03,166244.77142857562,167093.05714286136,848.2857142857392,USD,"Close short position for symbol VANTAGE:NAS100 at price 30179.55 for 20 units. Position AVG Price was 30221.964286, currency: USD, rate: 1.000000, point value: 1.000000"
2026-08-17 15:04:33,165521.48571428988,166244.77142857562,723.2857142857392,USD,"Close short position for symbol VANTAGE:NAS100 at price 30185.80 for 20 units. Position AVG Price was 30221.964286, currency: USD, rate: 1.000000, point value: 1.000000"
2026-08-17 15:04:03,165088.20000000414,165521.48571428988,433.28571428573923,USD,"Close short position for symbol VANTAGE:NAS100 at price 30200.30 for 20 units. Position AVG Price was 30221.964286, currency: USD, rate: 1.000000, point value: 1.000000"
2026-08-17 14:45:45,167346.20000000403,165088.20000000414,-2257.9999999998836,USD,"Close short position for symbol VANTAGE:NAS100 at price 30237.55 for 160 units. Position AVG Price was 30223.437500, currency: USD, rate: 1.000000, point value: 1.000000"
2026-08-14 23:47:35,163946.20000000403,167346.20000000403,3400,USD,"Close long position for symbol CME_MINI:NQ1! at price 30138.50 for 10 units. Position AVG Price was 30121.500000, currency: USD, rate: 1.000000, point value: 20.000000"
2026-08-14 23:37:31,162906.2000000046,163946.20000000403,1039.999999999418,USD,"Close short position for symbol COMEX:GC1! at price 4431.6 for 8 units. Position AVG Price was 4432.900000, currency: USD, rate: 1.000000, point value: 100.000000"
2026-08-14 22:43:27,154636.2000000046,162906.2000000046,8270,USD,"Close long position for symbol CME_MINI:NQ1! at price 30112.75 for 8 units. Position AVG Price was 30061.062500, currency: USD, rate: 1.000000, point value: 20.000000"
2026-08-14 19:54:19,157576.2000000046,154636.2000000046,-2940,USD,"Close long position for symbol CME_MINI:NQ1! at price 30058.50 for 12 units. Position AVG Price was 30070.750000, currency: USD, rate: 1.000000, point value: 20.000000"
2026-08-14 18:00:06,162046.20000000432,157576.2000000046,-4469.999999999709,USD,"Close long position for symbol CME_MINI:NQ1! at price 30125.00 for 10 units. Position AVG Price was 30147.350000, currency: USD, rate: 1.000000, point value: 20.000000"
2026-08-14 17:17:10,163186.20000000446,162046.20000000432,-1140.0000000001455,USD,"Close long position for symbol CME_MINI:NQ1! at price 30197.25 for 10 units. Position AVG Price was 30202.950000, currency: USD, rate: 1.000000, point value: 20.000000"
2026-08-14 16:37:49,164316.2000000046,163186.20000000446,-1130.0000000001455,USD,"Close long position for symbol CME_MINI:NQ1! at price 30173.25 for 6 units. Position AVG Price was 30182.666667, currency: USD, rate: 1.000000, point value: 20.000000"
2026-08-14 16:36:20,165336.2000000046,164316.2000000046,-1020,USD,"Close long position for symbol CME_MINI:NQ1! at price 30200.75 for 8 units. Position AVG Price was 30207.125000, currency: USD, rate: 1.000000, point value: 20.000000"
2026-08-14 16:10:54,166656.20000000432,165336.2000000046,-1319.999999999709,USD,"Close long position for symbol CME_MINI:NQ1! at price 30262.50 for 10 units. Position AVG Price was 30269.100000, currency: USD, rate: 1.000000, point value: 20.000000"
2026-08-14 16:03:19,170036.2000000046,166656.20000000432,-3380.000000000291,USD,"Close short position for symbol COMEX:GC1! at price 4433.5 for 8 units. Position AVG Price was 4429.275000, currency: USD, rate: 1.000000, point value: 100.000000"
2026-08-14 16:01:05,170107.20000000458,170036.2000000046,-70.9999999999709,USD,"Close long position for symbol VANTAGE:NAS100 at price 30185.64 for 20 units. Position AVG Price was 30189.190000, currency: USD, rate: 1.000000, point value: 1.000000"
2026-08-13 20:37:32,165587.20000000458,170107.20000000458,4520,USD,"Close long position for symbol CME_MINI:NQ1! at price 30226.75 for 2 units. Position AVG Price was 30113.750000, currency: USD, rate: 1.000000, point value: 20.000000"
2026-08-13 20:19:51,160467.20000000458,165587.20000000458,5120,USD,"Close long position for symbol CME_MINI:NQ1! at price 30241.75 for 2 units. Position AVG Price was 30113.750000, currency: USD, rate: 1.000000, point value: 20.000000"
2026-08-13 17:21:18,160157.20000000458,160467.20000000458,310,USD,"Close short position for symbol CME_MINI:NQ1! at price 30196.25 for 2 units. Position AVG Price was 30204.000000, currency: USD, rate: 1.000000, point value: 20.000000"
2026-08-13 17:21:11,159667.20000000458,160157.20000000458,490,USD,"Close short position for symbol CME_MINI:NQ1! at price 30191.75 for 2 units. Position AVG Price was 30204.000000, currency: USD, rate: 1.000000, point value: 20.000000"
2026-08-13 17:20:22,158997.20000000458,159667.20000000458,670,USD,"Close short position for symbol CME_MINI:NQ1! at price 30187.25 for 2 units. Position AVG Price was 30204.000000, currency: USD, rate: 1.000000, point value: 20.000000"
2026-08-13 17:20:15,158497.20000000458,158997.20000000458,500,USD,"Close short position for symbol CME_MINI:NQ1! at price 30191.50 for 2 units. Position AVG Price was 30204.000000, currency: USD, rate: 1.000000, point value: 20.000000"
2026-08-13 16:58:50,159877.20000000458,158497.20000000458,-1380,USD,"Close short position for symbol CME_MINI:NQ1! at price 30175.00 for 2 units. Position AVG Price was 30140.500000, currency: USD, rate: 1.000000, point value: 20.000000"
2026-08-13 16:47:17,148629.20000000455,159877.20000000458,11248.00000000003,USD,"Close long position for symbol CME_MINI:NQ1! at price 30101.50 for 2 units. Position AVG Price was 29820.300000, currency: USD, rate: 1.000000, point value: 20.000000"
2026-08-13 16:41:35,139371.20000000452,148629.20000000455,9258.00000000003,USD,"Close long position for symbol CME_MINI:NQ1! at price 30051.75 for 2 units. Position AVG Price was 29820.300000, currency: USD, rate: 1.000000, point value: 20.000000"
2026-08-13 16:36:43,131893.2000000045,139371.20000000452,7478.000000000029,USD,"Close long position for symbol CME_MINI:NQ1! at price 30007.25 for 2 units. Position AVG Price was 29820.300000, currency: USD, rate: 1.000000, point value: 20.000000"
2026-08-13 16:34:28,127315.20000000446,131893.2000000045,4578.000000000029,USD,"Close long position for symbol CME_MINI:NQ1! at price 29934.75 for 2 units. Position AVG Price was 29820.300000, currency: USD, rate: 1.000000, point value: 20.000000"
2026-08-13 16:01:56,124707.20000000444,127315.20000000446,2608.000000000029,USD,"Close long position for symbol CME_MINI:NQ1! at price 29885.50 for 2 units. Position AVG Price was 29820.300000, currency: USD, rate: 1.000000, point value: 20.000000"
2026-08-13 15:18:20,128377.20000000414,124707.20000000444,-3669.999999999709,USD,"Close long position for symbol CME_MINI:NQ1! at price 29825.25 for 10 units. Position AVG Price was 29843.600000, currency: USD, rate: 1.000000, point value: 20.000000"
2026-08-13 15:03:40,133727.20000000414,128377.20000000414,-5350,USD,"Close long position for symbol CME_MINI:NQ1! at price 29842.00 for 10 units. Position AVG Price was 29868.750000, currency: USD, rate: 1.000000, point value: 20.000000"
2026-08-13 14:25:50,130207.20000000444,133727.20000000414,3519.999999999709,USD,"Close long position for symbol CME_MINI:NQ1! at price 29856.75 for 10 units. Position AVG Price was 29839.150000, currency: USD, rate: 1.000000, point value: 20.000000"
2026-08-13 12:14:54,130837.20000000473,130207.20000000444,-630.000000000291,USD,"Close long position for symbol CME_MINI:NQ1! at price 29834.00 for 10 units. Position AVG Price was 29837.150000, currency: USD, rate: 1.000000, point value: 20.000000"
2026-08-13 11:08:49,136197.20000000458,130837.20000000473,-5359.9999999998545,USD,"Close long position for symbol CME_MINI:NQ1! at price 29839.25 for 10 units. Position AVG Price was 29866.050000, currency: USD, rate: 1.000000, point value: 20.000000"
2026-08-13 11:03:41,141517.20000000458,136197.20000000458,-5320,USD,"Close long position for symbol CME_MINI:NQ1! at price 29837.25 for 8 units. Position AVG Price was 29870.500000, currency: USD, rate: 1.000000, point value: 20.000000"
2026-08-13 10:30:11,139967.20000000458,141517.20000000458,1550,USD,"Close short position for symbol CME_MINI:NQ1! at price 29870.25 for 2 units. Position AVG Price was 29909.000000, currency: USD, rate: 1.000000, point value: 20.000000"
2026-08-13 01:35:51,143297.20000000458,139967.20000000458,-3330,USD,"Close long position for symbol CME_MINI:NQ1! at price 29781.00 for 8 units. Position AVG Price was 29801.812500, currency: USD, rate: 1.000000, point value: 20.000000"
2026-08-13 01:16:20,146627.20000000458,143297.20000000458,-3330,USD,"Close long position for symbol CME_MINI:NQ1! at price 29800.00 for 8 units. Position AVG Price was 29820.812500, currency: USD, rate: 1.000000, point value: 20.000000"
2026-08-12 23:12:08,151907.20000000458,146627.20000000458,-5280,USD,"Close long position for symbol CME_MINI:NQ1! at price 29841.00 for 12 units. Position AVG Price was 29863.000000, currency: USD, rate: 1.000000, point value: 20.000000"
2026-08-12 23:07:28,153342.20000000458,151907.20000000458,-1435,USD,"Close long position for symbol CME_MINI:NQ1! at price 29861.50 for 8 units. Position AVG Price was 29870.468750, currency: USD, rate: 1.000000, point value: 20.000000"
2026-08-12 23:00:03,153207.20000000458,153342.20000000458,135,USD,"Close long position for symbol CME_MINI:NQ1! at price 29857.00 for 2 units. Position AVG Price was 29853.625000, currency: USD, rate: 1.000000, point value: 20.000000"
2026-08-12 22:43:11,153827.20000000473,153207.20000000458,-620.0000000001455,USD,"Close long position for symbol CME_MINI:NQ1! at price 29834.75 for 6 units. Position AVG Price was 29839.916667, currency: USD, rate: 1.000000, point value: 20.000000"
2026-08-12 18:49:59,150947.20000000473,153827.20000000473,2880,USD,"Close short position for symbol CME_MINI:NQ1! at price 29847.25 for 4 units. Position AVG Price was 29883.250000, currency: USD, rate: 1.000000, point value: 20.000000"
2026-08-12 18:47:09,148937.20000000473,150947.20000000473,2010,USD,"Close short position for symbol CME_MINI:NQ1! at price 29833.00 for 2 units. Position AVG Price was 29883.250000, currency: USD, rate: 1.000000, point value: 20.000000"
2026-08-12 18:46:37,146537.20000000473,148937.20000000473,2400,USD,"Close short position for symbol CME_MINI:NQ1! at price 29823.25 for 2 units. Position AVG Price was 29883.250000, currency: USD, rate: 1.000000, point value: 20.000000"
2026-08-12 18:46:29,144207.20000000473,146537.20000000473,2330,USD,"Close short position for symbol CME_MINI:NQ1! at price 29825.00 for 2 units. Position AVG Price was 29883.250000, currency: USD, rate: 1.000000, point value: 20.000000"
2026-08-12 17:53:38,145982.20000000473,144207.20000000473,-1775,USD,"Close short position for symbol CME_MINI:NQ1! at price 29891.25 for 5 units. Position AVG Price was 29873.500000, currency: USD, rate: 1.000000, point value: 20.000000"
2026-08-12 17:50:29,149457.20000000473,145982.20000000473,-3475,USD,"Close long position for symbol CME_MINI:NQ1! at price 29879.25 for 5 units. Position AVG Price was 29914.000000, currency: USD, rate: 1.000000, point value: 20.000000"
2026-08-12 17:31:15,151272.20000000473,149457.20000000473,-1815,USD,"Close long position for symbol CME_MINI:NQ1! at price 29844.25 for 3 units. Position AVG Price was 29874.500000, currency: USD, rate: 1.000000, point value: 20.000000"
2026-08-12 16:50:13,145327.20000000473,151272.20000000473,5945,USD,"Close long position for symbol CME_MINI:NQ1! at price 29957.25 for 1 units. Position AVG Price was 29660.000000, currency: USD, rate: 1.000000, point value: 20.000000"
2026-08-12 16:42:39,140492.20000000473,145327.20000000473,4835,USD,"Close long position for symbol CME_MINI:NQ1! at price 29901.75 for 1 units. Position AVG Price was 29660.000000, currency: USD, rate: 1.000000, point value: 20.000000"
2026-08-12 16:20:10,134282.20000000473,140492.20000000473,6210,USD,"Close long position for symbol CME_MINI:NQ1! at price 29970.50 for 1 units. Position AVG Price was 29660.000000, currency: USD, rate: 1.000000, point value: 20.000000"
2026-08-12 15:29:49,129352.20000000474,134282.20000000473,4929.999999999985,USD,"Close long position for symbol CME_MINI:NQ1! at price 29906.50 for 1 units. Position AVG Price was 29660.000000, currency: USD, rate: 1.000000, point value: 20.000000"
2026-08-12 15:28:20,125362.20000000474,129352.20000000474,3990,USD,"Close long position for symbol CME_MINI:NQ1! at price 29859.50 for 1 units. Position AVG Price was 29660.000000, currency: USD, rate: 1.000000, point value: 20.000000"
2026-08-12 12:04:39,116572.20000000474,125362.20000000474,8790,USD,"Close long position for symbol CME_MINI:NQ1! at price 29806.50 for 3 units. Position AVG Price was 29660.000000, currency: USD, rate: 1.000000, point value: 20.000000"
2026-08-12 10:00:08,113312.20000000474,116572.20000000474,3260,USD,"Close long position for symbol CME_MINI:NQ1! at price 29741.50 for 2 units. Position AVG Price was 29660.000000, currency: USD, rate: 1.000000, point value: 20.000000"
2026-08-12 01:04:17,114262.20000000474,113312.20000000474,-950,USD,"Close long position for symbol CME_MINI:NQ1! at price 29629.75 for 10 units. Position AVG Price was 29634.500000, currency: USD, rate: 1.000000, point value: 20.000000"
2026-08-11 23:02:02,108687.20000000474,114262.20000000474,5575,USD,"Close long position for symbol CME_MINI:NQ1! at price 29636.00 for 10 units. Position AVG Price was 29608.125000, currency: USD, rate: 1.000000, point value: 20.000000"
2026-08-11 21:20:43,112322.2000000046,108687.20000000474,-3634.9999999998545,USD,"Close long position for symbol CME_MINI:NQ1! at price 29591.75 for 10 units. Position AVG Price was 29609.925000, currency: USD, rate: 1.000000, point value: 20.000000"
2026-08-11 20:03:10,116147.2000000046,112322.2000000046,-3825,USD,"Close long position for symbol CME_MINI:NQ1! at price 29605.25 for 5 units. Position AVG Price was 29643.500000, currency: USD, rate: 1.000000, point value: 20.000000"
2026-08-11 19:25:02,120022.2000000046,116147.2000000046,-3875,USD,"Close long position for symbol CME_MINI:NQ1! at price 29638.25 for 5 units. Position AVG Price was 29677.000000, currency: USD, rate: 1.000000, point value: 20.000000"
2026-08-11 18:09:44,114622.2000000046,120022.2000000046,5400,USD,"Close long position for symbol CME_MINI:NQ1! at price 29714.25 for 5 units. Position AVG Price was 29660.250000, currency: USD, rate: 1.000000, point value: 20.000000"
2026-08-11 16:46:07,119722.2000000046,114622.2000000046,-5100,USD,"Close long position for symbol CME_MINI:NQ1! at price 29654.75 for 5 units. Position AVG Price was 29705.750000, currency: USD, rate: 1.000000, point value: 20.000000"
2026-08-11 16:31:20,116247.2000000046,119722.2000000046,3475,USD,"Close long position for symbol CME_MINI:NQ1! at price 29747.75 for 5 units. Position AVG Price was 29713.000000, currency: USD, rate: 1.000000, point value: 20.000000"
2026-08-11 01:21:52,117947.2000000046,116247.2000000046,-1700,USD,"Close long position for symbol CME_MINI:NQ1! at price 29733.25 for 5 units. Position AVG Price was 29750.250000, currency: USD, rate: 1.000000, point value: 20.000000"
2026-08-10 22:51:51,117382.20000000445,117947.2000000046,565.0000000001455,USD,"Close long position for symbol CME_MINI:NQ1! at price 29741.25 for 5 units. Position AVG Price was 29735.600000, currency: USD, rate: 1.000000, point value: 20.000000"
2026-08-10 19:41:51,119712.20000000438,117382.20000000445,-2329.9999999999272,USD,"Close long position for symbol CME_MINI:NQ1! at price 29749.75 for 5 units. Position AVG Price was 29773.050000, currency: USD, rate: 1.000000, point value: 20.000000"
2026-08-10 19:32:04,125652.20000000452,119712.20000000438,-5940.0000000001455,USD,"Close long position for symbol CME_MINI:NQ1! at price 29755.75 for 5 units. Position AVG Price was 29815.150000, currency: USD, rate: 1.000000, point value: 20.000000"
2026-08-10 14:48:33,115757.20000000445,125652.20000000452,9895.000000000073,USD,"Close short position for symbol CME_MINI:NQ1! at price 29850.25 for 5 units. Position AVG Price was 29949.200000, currency: USD, rate: 1.000000, point value: 20.000000"
2026-08-10 13:00:05,115513.80000000448,115757.20000000445,243.39999999996508,USD,"Close short position for symbol VANTAGE:NAS100 at price 29845.85 for 80 units. Position AVG Price was 29848.892500, currency: USD, rate: 1.000000, point value: 1.000000"
2026-08-07 23:57:40,87201.33125000379,115513.80000000448,28312.4687500007,USD,"Close long position for symbol VANTAGE:NAS100 at price 29733.58 for 160 units. Position AVG Price was 29556.627070, currency: USD, rate: 1.000000, point value: 1.000000"
2026-08-07 22:58:28,82726.5500000037,87201.33125000379,4474.781250000087,USD,"Close long position for symbol VANTAGE:NAS100 at price 29757.83 for 20 units. Position AVG Price was 29534.090937, currency: USD, rate: 1.000000, point value: 1.000000"
2026-08-07 18:30:01,78298.80000000361,82726.5500000037,4427.750000000087,USD,"Close long position for symbol VANTAGE:NAS100 at price 29737.33 for 20 units. Position AVG Price was 29515.942500, currency: USD, rate: 1.000000, point value: 1.000000"
2026-08-07 17:12:05,93526.30000000303,78298.80000000361,-15227.499999999418,USD,"Close long position for symbol VANTAGE:NAS100 at price 29482.33 for 160 units. Position AVG Price was 29577.501875, currency: USD, rate: 1.000000, point value: 1.000000"
2026-08-07 15:55:43,89655.55000000299,93526.30000000303,3870.7500000000437,USD,"Close long position for symbol VANTAGE:NAS100 at price 29746.83 for 20 units. Position AVG Price was 29553.292500, currency: USD, rate: 1.000000, point value: 1.000000"
2026-08-07 15:50:59,85564.80000000294,89655.55000000299,4090.7500000000437,USD,"Close long position for symbol VANTAGE:NAS100 at price 29757.83 for 20 units. Position AVG Price was 29553.292500, currency: USD, rate: 1.000000, point value: 1.000000"
2026-08-07 04:22:15,86768.80000000325,85564.80000000294,-1204.0000000003056,USD,"Close long position for symbol VANTAGE:NAS100 at price 29388.53 for 140 units. Position AVG Price was 29397.130000, currency: USD, rate: 1.000000, point value: 1.000000"
2026-08-06 23:23:33,89995.80000000315,86768.80000000325,-3226.999999999898,USD,"Close long position for symbol VANTAGE:NAS100 at price 29409.33 for 140 units. Position AVG Price was 29432.380000, currency: USD, rate: 1.000000, point value: 1.000000"
2026-08-06 22:59:35,93578.80000000245,89995.80000000315,-3582.9999999993015,USD,"Close long position for symbol VANTAGE:NAS100 at price 29385.58 for 160 units. Position AVG Price was 29407.973750, currency: USD, rate: 1.000000, point value: 1.000000"
2026-08-06 22:53:31,93324.00000000249,93578.80000000245,254.79999999995925,USD,"Close short position for symbol VANTAGE:NAS100 at price 29396.38 for 140 units. Position AVG Price was 29398.200000, currency: USD, rate: 1.000000, point value: 1.000000"
2026-08-06 22:46:10,95572.00000000237,93324.00000000249,-2247.9999999998836,USD,"Close short position for symbol VANTAGE:NAS100 at price 29412.63 for 160 units. Position AVG Price was 29398.580000, currency: USD, rate: 1.000000, point value: 1.000000"
2026-08-06 22:41:07,98900.00000000226,95572.00000000237,-3327.9999999998836,USD,"Close long position for symbol VANTAGE:NAS100 at price 29410.58 for 160 units. Position AVG Price was 29431.380000, currency: USD, rate: 1.000000, point value: 1.000000"
2026-08-06 22:30:09,103908.00000000214,98900.00000000226,-5007.999999999884,USD,"Close long position for symbol VANTAGE:NAS100 at price 29393.08 for 160 units. Position AVG Price was 29424.380000, currency: USD, rate: 1.000000, point value: 1.000000"
2026-08-06 22:24:40,103076.00000000202,103908.00000000214,832.0000000001164,USD,"Close long position for symbol VANTAGE:NAS100 at price 29420.58 for 160 units. Position AVG Price was 29415.380000, currency: USD, rate: 1.000000, point value: 1.000000"
2026-08-06 21:52:30,102264.00000000132,103076.00000000202,812.0000000006985,USD,"Close long position for symbol VANTAGE:NAS100 at price 29409.33 for 160 units. Position AVG Price was 29404.255000, currency: USD, rate: 1.000000, point value: 1.000000"
2026-08-06 20:41:05,97392.00000000121,102264.00000000132,4872.000000000116,USD,"Close long position for symbol VANTAGE:NAS100 at price 29401.33 for 160 units. Position AVG Price was 29370.880000, currency: USD, rate: 1.000000, point value: 1.000000"
2026-08-06 19:33:16,100326.285714287,97392.00000000121,-2934.2857142857974,USD,"Close long position for symbol VANTAGE:NAS100 at price 29367.08 for 160 units. Position AVG Price was 29385.419286, currency: USD, rate: 1.000000, point value: 1.000000"
2026-08-06 18:10:19,94688.8571428584,100326.285714287,5637.428571428609,USD,"Close long position for symbol VANTAGE:NAS100 at price 29579.58 for 20 units. Position AVG Price was 29297.708571, currency: USD, rate: 1.000000, point value: 1.000000"
2026-08-06 17:17:09,89280.57142857266,94688.8571428584,5408.285714285739,USD,"Close long position for symbol VANTAGE:NAS100 at price 29524.83 for 20 units. Position AVG Price was 29254.415714, currency: USD, rate: 1.000000, point value: 1.000000"
2026-08-06 17:09:22,84702.28571428692,89280.57142857266,4578.285714285739,USD,"Close long position for symbol VANTAGE:NAS100 at price 29483.33 for 20 units. Position AVG Price was 29254.415714, currency: USD, rate: 1.000000, point value: 1.000000"
2026-08-06 16:50:09,81004.00000000118,84702.28571428692,3698.2857142857392,USD,"Close long position for symbol VANTAGE:NAS100 at price 29439.33 for 20 units. Position AVG Price was 29254.415714, currency: USD, rate: 1.000000, point value: 1.000000"
2026-08-06 16:34:51,78768.40000000106,81004.00000000118,2235.6000000001222,USD,"Close short position for symbol VANTAGE:NAS100 at price 29238.63 for 40 units. Position AVG Price was 29294.520000, currency: USD, rate: 1.000000, point value: 1.000000"
2026-08-06 16:33:26,76290.600000001,78768.40000000106,2477.800000000061,USD,"Close short position for symbol VANTAGE:NAS100 at price 29170.63 for 20 units. Position AVG Price was 29294.520000, currency: USD, rate: 1.000000, point value: 1.000000"
2026-08-06 16:33:25,73572.80000000093,76290.600000001,2717.800000000061,USD,"Close short position for symbol VANTAGE:NAS100 at price 29158.63 for 20 units. Position AVG Price was 29294.520000, currency: USD, rate: 1.000000, point value: 1.000000"
2026-08-06 16:33:24,70955.00000000087,73572.80000000093,2617.800000000061,USD,"Close short position for symbol VANTAGE:NAS100 at price 29163.63 for 20 units. Position AVG Price was 29294.520000, currency: USD, rate: 1.000000, point value: 1.000000"
2026-08-06 16:00:52,73193.00000000061,70955.00000000087,-2237.999999999738,USD,"Close long position for symbol VANTAGE:NAS100 at price 29279.33 for 120 units. Position AVG Price was 29297.980000, currency: USD, rate: 1.000000, point value: 1.000000"
2026-08-06 15:16:19,71985.00000000029,73193.00000000061,1208.0000000003201,USD,"Close long position for symbol VANTAGE:NAS100 at price 29309.58 for 120 units. Position AVG Price was 29299.513333, currency: USD, rate: 1.000000, point value: 1.000000"
2026-08-06 14:00:21,77242.00000000041,71985.00000000029,-5257.000000000116,USD,"Close long position for symbol VANTAGE:NAS100 at price 29339.28 for 120 units. Position AVG Price was 29383.088333, currency: USD, rate: 1.000000, point value: 1.000000"
2026-08-06 12:08:15,82282.00000000041,77242.00000000041,-5040,USD,"Close long position for symbol VANTAGE:NAS100 at price 29355.33 for 120 units. Position AVG Price was 29397.330000, currency: USD, rate: 1.000000, point value: 1.000000"
2026-08-06 11:34:16,85099.00000000016,82282.00000000041,-2816.9999999997526,USD,"Close short position for symbol VANTAGE:NAS100 at price 29431.13 for 140 units. Position AVG Price was 29411.008571, currency: USD, rate: 1.000000, point value: 1.000000"
2026-08-06 10:13:42,90288.99999999994,85099.00000000016,-5189.999999999782,USD,"Close short position for symbol VANTAGE:NAS100 at price 29458.93 for 150 units. Position AVG Price was 29424.330000, currency: USD, rate: 1.000000, point value: 1.000000"
2026-08-06 04:17:04,100000,90288.99999999994,-9711.000000000058,USD,"Close long position for symbol VANTAGE:NAS100 at price 29396.28 for 100 units. Position AVG Price was 29493.390000, currency: USD, rate: 1.000000, point value: 1.000000"