Symbol,Trade number,Type,Date and time,Order ID,Signal,Price,Size (qty),Size (value),Net PnL USD,Return %,Commission USD,Favorable excursion USD,Favorable excursion %,Adverse excursion USD,Adverse excursion %,Cumulative PnL USD,Cumulative PnL %,Duration (bars)
VANTAGE:NAS100,1,Exit long,"Aug 6, 2026, 04:17",3373083332,3373083332,29396.28,100,2949339,-9711,-0.33,0,,,,,-9711,-9.71,
VANTAGE:NAS100,1,Entry long,"Aug 5, 2026, 23:11",3373083217,3373083217,29493.39,100,2949339,-9711,-0.33,0,,,,,-9711,-9.71,
VANTAGE:NAS100,2,Exit short,"Aug 6, 2026, 10:13",3374444664,3374444664,29458.93,150,4413649.5,-5190,-0.12,0,,,,,-14901,-14.9,
VANTAGE:NAS100,2,Entry short,"Aug 6, 2026, 09:36",3374442786,3374442786,29424.33,150,4413649.5,-5190,-0.12,0,,,,,-14901,-14.9,
VANTAGE:NAS100,3,Exit short,"Aug 6, 2026, 11:34",3374642133,3374642133,29431.13,140,4117541.2,-2817,-0.07,0,,,,,-17718,-17.72,
VANTAGE:NAS100,3,Entry short,"Aug 6, 2026, 10:59",3374640874,3374640874,29411.008571428574,140,4117541.2,-2817,-0.07,0,,,,,-17718,-17.72,
VANTAGE:NAS100,4,Exit long,"Aug 6, 2026, 12:08",3374776465,3374776465,29355.33,120,3527679.6,-5040,-0.14,0,,,,,-22758,-22.76,
VANTAGE:NAS100,4,Entry long,"Aug 6, 2026, 11:48",3374776004,3374776004,29397.33,120,3527679.6,-5040,-0.14,0,,,,,-22758,-22.76,
VANTAGE:NAS100,5,Exit long,"Aug 6, 2026, 14:00",3374894512,3374894512,29339.279999999995,120,3525970.6,-5257,-0.15,0,,,,,-28015,-28.01,
VANTAGE:NAS100,5,Entry long,"Aug 6, 2026, 12:34",3374893812,3374893812,29383.088333333333,120,3525970.6,-5257,-0.15,0,,,,,-28015,-28.01,
VANTAGE:NAS100,6,Exit long,"Aug 6, 2026, 15:16",3375103972,3375103972,29309.58,120,3515941.6,1208,0.03,0,,,,,-26807,-26.81,
VANTAGE:NAS100,6,Entry long,"Aug 6, 2026, 14:03",3375103377,3375103377,29299.513333333332,120,3515941.6,1208,0.03,0,,,,,-26807,-26.81,
VANTAGE:NAS100,7,Exit long,"Aug 6, 2026, 16:00",3375339191,3375339191,29279.33,120,3515757.6,-2238,-0.06,0,,,,,-29045,-29.04,
VANTAGE:NAS100,7,Entry long,"Aug 6, 2026, 15:18",3375338259,3375338259,29297.98,120,3515757.6,-2238,-0.06,0,,,,,-29045,-29.04,
VANTAGE:NAS100,8,Exit short,"Aug 6, 2026, 16:34",3375502077,3375502077,29194.03,100,2929452.0000000005,10049,0.34,0,,,,,-18996,-19,
VANTAGE:NAS100,8,Entry short,"Aug 6, 2026, 16:02",3375500451,3375500451,29294.520000000004,100,2929452.0000000005,10049,0.34,0,,,,,-18996,-19,
VANTAGE:NAS100,9,Exit long,"Aug 6, 2026, 19:33",3375722620,3375722620,29413.642500000005,240,7042886.199999998,16388,0.23,0,,,,,-2608,-2.61,
VANTAGE:NAS100,9,Entry long,"Aug 6, 2026, 16:34",3375700079,3375700079,29345.359166666658,240,7042886.199999998,16388,0.23,0,,,,,-2608,-2.61,
VANTAGE:NAS100,10,Exit long,"Aug 6, 2026, 20:41",3377025651,3377025651,29401.330000000005,160,4699340.8,4872,0.1,0,,,,,2264,2.26,
VANTAGE:NAS100,10,Entry long,"Aug 6, 2026, 19:34",3377025221,3377025221,29370.88,160,4699340.8,4872,0.1,0,,,,,2264,2.26,
VANTAGE:NAS100,11,Exit long,"Aug 6, 2026, 21:52",3377316940,3377316940,29409.330000000005,160,4704680.8,812,0.02,0,,,,,3076,3.08,
VANTAGE:NAS100,11,Entry long,"Aug 6, 2026, 20:42",3377314766,3377314766,29404.254999999997,160,4704680.8,812,0.02,0,,,,,3076,3.08,
VANTAGE:NAS100,12,Exit long,"Aug 6, 2026, 22:24",3377560312,3377560312,29420.580000000005,160,4706460.8,832,0.02,0,,,,,3908,3.91,
VANTAGE:NAS100,12,Entry long,"Aug 6, 2026, 21:54",3377560028,3377560028,29415.38,160,4706460.8,832,0.02,0,,,,,3908,3.91,
VANTAGE:NAS100,13,Exit long,"Aug 6, 2026, 22:30",3377661170,3377661170,29393.080000000005,160,4707900.8,-5008,-0.11,0,,,,,-1100,-1.1,
VANTAGE:NAS100,13,Entry long,"Aug 6, 2026, 22:26",3377660779,3377660779,29424.38,160,4707900.8,-5008,-0.11,0,,,,,-1100,-1.1,
VANTAGE:NAS100,14,Exit long,"Aug 6, 2026, 22:41",3377684780,3377684780,29410.580000000005,160,4709020.8,-3328,-0.07,0,,,,,-4428,-4.43,
VANTAGE:NAS100,14,Entry long,"Aug 6, 2026, 22:33",3377684622,3377684622,29431.38,160,4709020.8,-3328,-0.07,0,,,,,-4428,-4.43,
VANTAGE:NAS100,15,Exit short,"Aug 6, 2026, 22:46",3377709992,3377709992,29412.629999999997,160,4703772.800000001,-2248,-0.05,0,,,,,-6676,-6.68,
VANTAGE:NAS100,15,Entry short,"Aug 6, 2026, 22:42",3377709325,3377709325,29398.58,160,4703772.800000001,-2248,-0.05,0,,,,,-6676,-6.68,
VANTAGE:NAS100,16,Exit short,"Aug 6, 2026, 22:53",3377723169,3377723169,29396.38,140,4115748,254.8,0.01,0,,,,,-6421.2,-6.42,
VANTAGE:NAS100,16,Entry short,"Aug 6, 2026, 22:47",3377722558,3377722558,29398.2,140,4115748,254.8,0.01,0,,,,,-6421.2,-6.42,
VANTAGE:NAS100,17,Exit long,"Aug 6, 2026, 22:59",3377742588,3377742588,29385.580000000005,160,4705275.8,-3583,-0.08,0,,,,,-10004.2,-10,
VANTAGE:NAS100,17,Entry long,"Aug 6, 2026, 22:53",3377741572,3377741572,29407.973749999997,160,4705275.8,-3583,-0.08,0,,,,,-10004.2,-10,
VANTAGE:NAS100,18,Exit long,"Aug 6, 2026, 23:23",3377766920,3377766920,29409.33,140,4120533.2,-3227,-0.08,0,,,,,-13231.2,-13.23,
VANTAGE:NAS100,18,Entry long,"Aug 6, 2026, 23:00",3377765411,3377765411,29432.38,140,4120533.2,-3227,-0.08,0,,,,,-13231.2,-13.23,
VANTAGE:NAS100,19,Exit long,"Aug 7, 2026, 04:22",3378033469,3378033469,29388.53,140,4115598.2,-1204,-0.03,0,,,,,-14435.2,-14.44,
VANTAGE:NAS100,19,Entry long,"Aug 6, 2026, 23:47",3377854470,3377854470,29397.13,140,4115598.2,-1204,-0.03,0,,,,,-14435.2,-14.44,
VANTAGE:NAS100,20,Exit long,"Aug 7, 2026, 17:12",3379425972,3379425972,29536.330000000005,200,5914531.999999999,-7266,-0.12,0,,,,,-21701.2,-21.7,
VANTAGE:NAS100,20,Entry long,"Aug 7, 2026, 12:06",3379424819,3379424819,29572.659999999996,200,5914531.999999999,-7266,-0.12,0,,,,,-21701.2,-21.7,
VANTAGE:NAS100,21,Exit long,"Aug 7, 2026, 23:57",3382317588,3382317588,29736.380000000005,200,5910060.999999999,37215,0.63,0,,,,,15513.8,15.51,
VANTAGE:NAS100,21,Entry long,"Aug 7, 2026, 17:13",3380778141,3380778141,29550.304999999997,200,5910060.999999999,37215,0.63,0,,,,,15513.8,15.51,
VANTAGE:NAS100,22,Exit short,"Aug 10, 2026, 13:00",3386652679,3386652679,29845.85,80,2387911.4,243.4,0.01,0,,,,,15757.2,15.76,
VANTAGE:NAS100,22,Entry short,"Aug 10, 2026, 12:43",3386613962,3386613962,29848.892499999998,80,2387911.4,243.4,0.01,0,,,,,15757.2,15.76,
CME_MINI:NQ1!,23,Exit short,"Aug 10, 2026, 14:48",3386663315,3386663315,29850.25,5,149746,9895,0.33,0,,,,,25652.2,25.65,
CME_MINI:NQ1!,23,Entry short,"Aug 10, 2026, 13:01",3386655361,3386655361,29949.2,5,149746,9895,0.33,0,,,,,25652.2,25.65,
CME_MINI:NQ1!,24,Exit long,"Aug 10, 2026, 19:32",3388492917,3388492917,29755.75,5,149075.75,-5940,-0.2,0,,,,,19712.2,19.71,
CME_MINI:NQ1!,24,Entry long,"Aug 10, 2026, 18:50",3388492252,3388492252,29815.15,5,149075.75,-5940,-0.2,0,,,,,19712.2,19.71,
CME_MINI:NQ1!,25,Exit long,"Aug 10, 2026, 19:41",3388723206,3388723206,29749.75,5,148865.25,-2330,-0.08,0,,,,,17382.2,17.38,
CME_MINI:NQ1!,25,Entry long,"Aug 10, 2026, 19:33",3388719692,3388719692,29773.05,5,148865.25,-2330,-0.08,0,,,,,17382.2,17.38,
CME_MINI:NQ1!,26,Exit long,"Aug 10, 2026, 22:51",3388777179,3388777179,29741.25,5,148678,565,0.02,0,,,,,17947.2,17.95,
CME_MINI:NQ1!,26,Entry long,"Aug 10, 2026, 19:44",3388776051,3388776051,29735.6,5,148678,565,0.02,0,,,,,17947.2,17.95,
CME_MINI:NQ1!,27,Exit long,"Aug 11, 2026, 01:21",3389532579,3389532579,29733.25,5,148751.25,-1700,-0.06,0,,,,,16247.2,16.25,
CME_MINI:NQ1!,27,Entry long,"Aug 10, 2026, 23:16",3389532442,3389532442,29750.25,5,148751.25,-1700,-0.06,0,,,,,16247.2,16.25,
CME_MINI:NQ1!,28,Exit long,"Aug 11, 2026, 16:31",3389807640,3389807640,29747.75,5,148565,3475,0.12,0,,,,,19722.2,19.72,
CME_MINI:NQ1!,28,Entry long,"Aug 11, 2026, 02:26",3389807450,3389807450,29713,5,148565,3475,0.12,0,,,,,19722.2,19.72,
CME_MINI:NQ1!,29,Exit long,"Aug 11, 2026, 16:46",3392023517,3392023517,29654.75,5,148528.75,-5100,-0.17,0,,,,,14622.2,14.62,
CME_MINI:NQ1!,29,Entry long,"Aug 11, 2026, 16:36",3392016596,3392016596,29705.75,5,148528.75,-5100,-0.17,0,,,,,14622.2,14.62,
CME_MINI:NQ1!,30,Exit long,"Aug 11, 2026, 18:09",3392184414,3392184414,29714.25,5,148301.25,5400,0.18,0,,,,,20022.2,20.02,
CME_MINI:NQ1!,30,Entry long,"Aug 11, 2026, 16:50",3392182618,3392182618,29660.25,5,148301.25,5400,0.18,0,,,,,20022.2,20.02,
CME_MINI:NQ1!,31,Exit long,"Aug 11, 2026, 19:25",3393156237,3393156237,29638.25,5,148385,-3875,-0.13,0,,,,,16147.2,16.15,
CME_MINI:NQ1!,31,Entry long,"Aug 11, 2026, 19:06",3393155866,3393155866,29677,5,148385,-3875,-0.13,0,,,,,16147.2,16.15,
CME_MINI:NQ1!,32,Exit long,"Aug 11, 2026, 20:03",3393262905,3393262905,29605.25,5,148217.5,-3825,-0.13,0,,,,,12322.2,12.32,
CME_MINI:NQ1!,32,Entry long,"Aug 11, 2026, 19:31",3393262574,3393262574,29643.5,5,148217.5,-3825,-0.13,0,,,,,12322.2,12.32,
CME_MINI:NQ1!,33,Exit long,"Aug 11, 2026, 21:20",3393448559,3393448559,29591.75,10,296099.25,-3635,-0.06,0,,,,,8687.2,8.69,
CME_MINI:NQ1!,33,Entry long,"Aug 11, 2026, 20:17",3393447687,3393447687,29609.925,10,296099.25,-3635,-0.06,0,,,,,8687.2,8.69,
CME_MINI:NQ1!,34,Exit long,"Aug 11, 2026, 23:02",3393869066,3393869066,29636,10,296081.25,5575,0.09,0,,,,,14262.2,14.26,
CME_MINI:NQ1!,34,Entry long,"Aug 11, 2026, 22:14",3393868838,3393868838,29608.125,10,296081.25,5575,0.09,0,,,,,14262.2,14.26,
CME_MINI:NQ1!,35,Exit long,"Aug 12, 2026, 01:04",3394014031,3394014031,29629.75,10,296345,-950,-0.02,0,,,,,13312.2,13.31,
CME_MINI:NQ1!,35,Entry long,"Aug 11, 2026, 23:02",3394013757,3394013757,29634.5,10,296345,-950,-0.02,0,,,,,13312.2,13.31,
CME_MINI:NQ1!,36,Exit long,"Aug 12, 2026, 16:50",3396786497,3396786497,29849.8,10,296600,37960,0.64,0,,,,,51272.2,51.27,
CME_MINI:NQ1!,36,Entry long,"Aug 12, 2026, 01:15",3394205059,3394205059,29660,10,296600,37960,0.64,0,,,,,51272.2,51.27,
CME_MINI:NQ1!,37,Exit long,"Aug 12, 2026, 17:31",3396940041,3396940041,29844.25,3,89623.5,-1815,-0.1,0,,,,,49457.2,49.46,
CME_MINI:NQ1!,37,Entry long,"Aug 12, 2026, 17:05",3396864423,3396864423,29874.5,3,89623.5,-1815,-0.1,0,,,,,49457.2,49.46,
CME_MINI:NQ1!,38,Exit long,"Aug 12, 2026, 17:50",3397227583,3397227583,29879.25,5,149570,-3475,-0.12,0,,,,,45982.2,45.98,
CME_MINI:NQ1!,38,Entry long,"Aug 12, 2026, 17:37",3397227186,3397227186,29914,5,149570,-3475,-0.12,0,,,,,45982.2,45.98,
CME_MINI:NQ1!,39,Exit short,"Aug 12, 2026, 17:53",3397316206,3397316206,29891.25,5,149367.5,-1775,-0.06,0,,,,,44207.2,44.21,
CME_MINI:NQ1!,39,Entry short,"Aug 12, 2026, 17:51",3397313568,3397313568,29873.5,5,149367.5,-1775,-0.06,0,,,,,44207.2,44.21,
CME_MINI:NQ1!,40,Exit short,"Aug 12, 2026, 18:49",3397333706,3397333706,29835.15,10,298832.5,9620,0.16,0,,,,,53827.2,53.83,
CME_MINI:NQ1!,40,Entry short,"Aug 12, 2026, 17:53",3397331880,3397331880,29883.25,10,298832.5,9620,0.16,0,,,,,53827.2,53.83,
CME_MINI:NQ1!,41,Exit long,"Aug 12, 2026, 22:43",3397634635,3397634635,29834.75,6,179039.5,-620,-0.02,0,,,,,53207.2,53.21,
CME_MINI:NQ1!,41,Entry long,"Aug 12, 2026, 18:50",3397634339,3397634339,29839.916666666668,6,179039.5,-620,-0.02,0,,,,,53207.2,53.21,
CME_MINI:NQ1!,42,Exit long,"Aug 12, 2026, 23:07",3398564063,3398564063,29860.6,10,298671,-1300,-0.02,0,,,,,51907.2,51.91,
CME_MINI:NQ1!,42,Entry long,"Aug 12, 2026, 22:59",3398563801,3398563801,29867.1,10,298671,-1300,-0.02,0,,,,,51907.2,51.91,
CME_MINI:NQ1!,43,Exit long,"Aug 12, 2026, 23:12",3398591414,3398591414,29841,12,358356,-5280,-0.07,0,,,,,46627.2,46.63,
CME_MINI:NQ1!,43,Entry long,"Aug 12, 2026, 23:07",3398590221,3398590221,29863,12,358356,-5280,-0.07,0,,,,,46627.2,46.63,
CME_MINI:NQ1!,44,Exit long,"Aug 13, 2026, 01:16",3398669054,3398669054,29800,8,238566.5,-3330,-0.07,0,,,,,43297.2,43.3,
CME_MINI:NQ1!,44,Entry long,"Aug 12, 2026, 23:45",3398668811,3398668811,29820.8125,8,238566.5,-3330,-0.07,0,,,,,43297.2,43.3,
CME_MINI:NQ1!,45,Exit long,"Aug 13, 2026, 01:35",3398788226,3398788226,29781,8,238414.5,-3330,-0.07,0,,,,,39967.2,39.97,
CME_MINI:NQ1!,45,Entry long,"Aug 13, 2026, 01:17",3398787881,3398787881,29801.8125,8,238414.5,-3330,-0.07,0,,,,,39967.2,39.97,
CME_MINI:NQ1!,46,Exit short,"Aug 13, 2026, 10:30",3400032792,3400032792,29870.25,2,59818,1550,0.13,0,,,,,41517.2,41.52,
CME_MINI:NQ1!,46,Entry short,"Aug 13, 2026, 08:13",3398789915,3398789915,29909,2,59818,1550,0.13,0,,,,,41517.2,41.52,
CME_MINI:NQ1!,47,Exit long,"Aug 13, 2026, 11:03",3400035488,3400035488,29837.25,8,238964,-5320,-0.11,0,,,,,36197.2,36.2,
CME_MINI:NQ1!,47,Entry long,"Aug 13, 2026, 10:30",3400033815,3400033815,29870.5,8,238964,-5320,-0.11,0,,,,,36197.2,36.2,
CME_MINI:NQ1!,48,Exit long,"Aug 13, 2026, 11:08",3400129103,3400129103,29839.25,10,298660.5,-5360,-0.09,0,,,,,30837.2,30.84,
CME_MINI:NQ1!,48,Entry long,"Aug 13, 2026, 11:07",3400128387,3400128387,29866.05,10,298660.5,-5360,-0.09,0,,,,,30837.2,30.84,
CME_MINI:NQ1!,49,Exit long,"Aug 13, 2026, 12:14",3400133799,3400133799,29834,10,298371.5,-630,-0.01,0,,,,,30207.2,30.21,
CME_MINI:NQ1!,49,Entry long,"Aug 13, 2026, 11:09",3400133360,3400133360,29837.15,10,298371.5,-630,-0.01,0,,,,,30207.2,30.21,
CME_MINI:NQ1!,50,Exit long,"Aug 13, 2026, 14:25",3400306896,3400306896,29856.75,10,298391.5,3520,0.06,0,,,,,33727.2,33.73,
CME_MINI:NQ1!,50,Entry long,"Aug 13, 2026, 12:19",3400306282,3400306282,29839.15,10,298391.5,3520,0.06,0,,,,,33727.2,33.73,
CME_MINI:NQ1!,51,Exit long,"Aug 13, 2026, 15:03",3400632409,3400632409,29842,10,298687.5,-5350,-0.09,0,,,,,28377.2,28.38,
CME_MINI:NQ1!,51,Entry long,"Aug 13, 2026, 14:33",3400631918,3400631918,29868.75,10,298687.5,-5350,-0.09,0,,,,,28377.2,28.38,
CME_MINI:NQ1!,52,Exit long,"Aug 13, 2026, 15:18",3400732947,3400732947,29825.25,10,298436,-3670,-0.06,0,,,,,24707.2,24.71,
CME_MINI:NQ1!,52,Entry long,"Aug 13, 2026, 15:06",3400732387,3400732387,29843.6,10,298436,-3670,-0.06,0,,,,,24707.2,24.71,
CME_MINI:NQ1!,53,Exit long,"Aug 13, 2026, 16:47",3400782964,3400782964,29996.15,10,298203,35170,0.59,0,,,,,59877.2,59.88,
CME_MINI:NQ1!,53,Entry long,"Aug 13, 2026, 15:20",3400781412,3400781412,29820.3,10,298203,35170,0.59,0,,,,,59877.2,59.88,
CME_MINI:NQ1!,54,Exit short,"Aug 13, 2026, 16:58",3401322483,3401322483,30175,2,60281,-1380,-0.11,0,,,,,58497.2,58.5,
CME_MINI:NQ1!,54,Entry short,"Aug 13, 2026, 16:49",3401308415,3401308415,30140.5,2,60281,-1380,-0.11,0,,,,,58497.2,58.5,
CME_MINI:NQ1!,55,Exit short,"Aug 13, 2026, 17:21",3401539089,3401539089,30191.6875,8,241632,1970,0.04,0,,,,,60467.2,60.47,
CME_MINI:NQ1!,55,Entry short,"Aug 13, 2026, 17:17",3401531955,3401531955,30204,8,241632,1970,0.04,0,,,,,60467.2,60.47,
CME_MINI:NQ1!,56,Exit long,"Aug 13, 2026, 20:37",3402055576,3402055576,30234.25,4,120455,9640,0.4,0,,,,,70107.2,70.11,
CME_MINI:NQ1!,56,Entry long,"Aug 13, 2026, 18:51",3402053468,3402053468,30113.75,4,120455,9640,0.4,0,,,,,70107.2,70.11,
VANTAGE:NAS100,57,Exit long,"Aug 14, 2026, 16:01",3405389136,3405389136,30185.640000000003,20,603783.7999999999,-71,-0.01,0,,,,,70036.2,70.04,
VANTAGE:NAS100,57,Entry long,"Aug 14, 2026, 15:51",3405356026,3405356026,30189.19,20,603783.7999999999,-71,-0.01,0,,,,,70036.2,70.04,
COMEX:GC1!,58,Exit short,"Aug 14, 2026, 16:03",3405384163,3405384163,4433.5,8,35434.2,-3380,-0.1,0,,,,,66656.2,66.66,
COMEX:GC1!,58,Entry short,"Aug 14, 2026, 15:59",3405383175,3405383175,4429.275,8,35434.2,-3380,-0.1,0,,,,,66656.2,66.66,
CME_MINI:NQ1!,59,Exit long,"Aug 14, 2026, 16:10",3405359101,3405359101,30262.5,10,302691,-1320,-0.02,0,,,,,65336.2,65.34,
CME_MINI:NQ1!,59,Entry long,"Aug 14, 2026, 15:52",3405357274,3405357274,30269.1,10,302691,-1320,-0.02,0,,,,,65336.2,65.34,
CME_MINI:NQ1!,60,Exit long,"Aug 14, 2026, 16:36",3405583414,3405583414,30200.75,8,241657,-1020,-0.02,0,,,,,64316.2,64.32,
CME_MINI:NQ1!,60,Entry long,"Aug 14, 2026, 16:35",3405581492,3405581492,30207.125,8,241657,-1020,-0.02,0,,,,,64316.2,64.32,
CME_MINI:NQ1!,61,Exit long,"Aug 14, 2026, 16:37",3405604337,3405604337,30173.25,6,181096,-1130,-0.03,0,,,,,63186.2,63.19,
CME_MINI:NQ1!,61,Entry long,"Aug 14, 2026, 16:37",3405602147,3405602147,30182.666666666668,6,181096,-1130,-0.03,0,,,,,63186.2,63.19,
CME_MINI:NQ1!,62,Exit long,"Aug 14, 2026, 17:17",3405611423,3405611423,30197.25,10,302029.5,-1140,-0.02,0,,,,,62046.2,62.05,
CME_MINI:NQ1!,62,Entry long,"Aug 14, 2026, 16:38",3405610073,3405610073,30202.95,10,302029.5,-1140,-0.02,0,,,,,62046.2,62.05,
CME_MINI:NQ1!,63,Exit long,"Aug 14, 2026, 18:00",3406242558,3406242558,30125,10,301473.5,-4470,-0.07,0,,,,,57576.2,57.58,
CME_MINI:NQ1!,63,Entry long,"Aug 14, 2026, 17:55",3406241903,3406241903,30147.35,10,301473.5,-4470,-0.07,0,,,,,57576.2,57.58,
CME_MINI:NQ1!,64,Exit long,"Aug 14, 2026, 19:54",3406590455,3406590455,30058.5,12,360849,-2940,-0.04,0,,,,,54636.2,54.64,
CME_MINI:NQ1!,64,Entry long,"Aug 14, 2026, 19:02",3406590082,3406590082,30070.75,12,360849,-2940,-0.04,0,,,,,54636.2,54.64,
CME_MINI:NQ1!,65,Exit long,"Aug 14, 2026, 22:43",3406961205,3406961205,30112.75,8,240488.5,8270,0.17,0,,,,,62906.2,62.91,
CME_MINI:NQ1!,65,Entry long,"Aug 14, 2026, 20:45",3406959056,3406959056,30061.0625,8,240488.5,8270,0.17,0,,,,,62906.2,62.91,
COMEX:GC1!,66,Exit short,"Aug 14, 2026, 23:37",3407297633,3407297633,4431.6,8,35463.2,1040,0.03,0,,,,,63946.2,63.95,
COMEX:GC1!,66,Entry short,"Aug 14, 2026, 22:54",3407297303,3407297303,4432.9,8,35463.2,1040,0.03,0,,,,,63946.2,63.95,
CME_MINI:NQ1!,67,Exit long,"Aug 14, 2026, 23:47",3407288616,3407288616,30138.5,10,301215,3400,0.06,0,,,,,67346.2,67.35,
CME_MINI:NQ1!,67,Entry long,"Aug 14, 2026, 22:50",3407287568,3407287568,30121.5,10,301215,3400,0.06,0,,,,,67346.2,67.35,
VANTAGE:NAS100,68,Exit short,"Aug 17, 2026, 14:45",3411889012,3411889012,30237.55,160,4835750,-2258,-0.05,0,,,,,65088.2,65.09,
VANTAGE:NAS100,68,Entry short,"Aug 17, 2026, 14:19",3411887968,3411887968,30223.4375,160,4835750,-2258,-0.05,0,,,,,65088.2,65.09,
VANTAGE:NAS100,69,Exit short,"Aug 17, 2026, 15:10",3411982305,3411982305,30195.8,140,4231075,3663,0.09,0,,,,,68751.2,68.75,
VANTAGE:NAS100,69,Entry short,"Aug 17, 2026, 14:54",3411981881,3411981881,30221.964285714286,140,4231075,3663,0.09,0,,,,,68751.2,68.75,
VANTAGE:NAS100,70,Exit short,"Aug 17, 2026, 15:39",3412046445,3412046445,30158.39375,160,4832530,7187,0.15,0,,,,,75938.2,75.94,
VANTAGE:NAS100,70,Entry short,"Aug 17, 2026, 15:11",3412045022,3412045022,30203.3125,160,4832530,7187,0.15,0,,,,,75938.2,75.94,
VANTAGE:NAS100,71,Exit short,"Aug 17, 2026, 16:51",3412409590,3412409590,30167.3,120,3618695,-1381,-0.04,0,,,,,74557.2,74.56,
VANTAGE:NAS100,71,Entry short,"Aug 17, 2026, 16:31",3412399571,3412399571,30155.791666666668,120,3618695,-1381,-0.04,0,,,,,74557.2,74.56,
VANTAGE:NAS100,72,Exit short,"Aug 17, 2026, 17:51",3412649362,3412649362,30138.118181818183,220,6636040,5654,0.09,0,,,,,80211.2,80.21,
VANTAGE:NAS100,72,Entry short,"Aug 17, 2026, 16:52",3412647512,3412647512,30163.81818181818,220,6636040,5654,0.09,0,,,,,80211.2,80.21,
VANTAGE:NAS100,73,Exit short,"Aug 17, 2026, 17:57",3413148132,3413148132,30158.05,180,5425705,-2744,-0.05,0,,,,,77467.2,77.47,
VANTAGE:NAS100,73,Entry short,"Aug 17, 2026, 17:53",3413146704,3413146704,30142.805555555555,180,5425705,-2744,-0.05,0,,,,,77467.2,77.47,
VANTAGE:NAS100,74,Exit short,"Aug 17, 2026, 17:59",3413180949,3413180949,30173.3,200,6032452.4,-2207.6,-0.04,0,,,,,75259.6,75.26,
VANTAGE:NAS100,74,Entry short,"Aug 17, 2026, 17:58",3413180477,3413180477,30162.262000000002,200,6032452.4,-2207.6,-0.04,0,,,,,75259.6,75.26,
VANTAGE:NAS100,75,Exit short,"Aug 17, 2026, 18:01",3413203318,3413203318,30175.05,160,4826640,-1368,-0.03,0,,,,,73891.6,73.89,
VANTAGE:NAS100,75,Entry short,"Aug 17, 2026, 18:01",3413201760,3413201760,30166.5,160,4826640,-1368,-0.03,0,,,,,73891.6,73.89,
VANTAGE:NAS100,76,Exit short,"Aug 17, 2026, 18:04",3413212059,3413212059,30194.55,200,6036155,-2755,-0.05,0,,,,,71136.6,71.14,
VANTAGE:NAS100,76,Entry short,"Aug 17, 2026, 18:02",3413211404,3413211404,30180.775,200,6036155,-2755,-0.05,0,,,,,71136.6,71.14,
VANTAGE:NAS100,77,Exit long,"Aug 17, 2026, 18:09",3413259098,3413259098,30191.75,240,7247472,-1452,-0.02,0,,,,,69684.6,69.68,
VANTAGE:NAS100,77,Entry long,"Aug 17, 2026, 18:08",3413257614,3413257614,30197.8,240,7247472,-1452,-0.02,0,,,,,69684.6,69.68,
VANTAGE:NAS100,78,Exit long,"Aug 17, 2026, 18:09",3413261759,3413261759,30190.62,240,7247112,-1363.2,-0.02,0,,,,,68321.4,68.32,
VANTAGE:NAS100,78,Entry long,"Aug 17, 2026, 18:09",3413261218,3413261218,30196.3,240,7247112,-1363.2,-0.02,0,,,,,68321.4,68.32,
VANTAGE:NAS100,79,Exit long,"Aug 17, 2026, 18:14",3413267976,3413267976,30191,240,7245012,828,0.01,0,,,,,69149.4,69.15,
VANTAGE:NAS100,79,Entry long,"Aug 17, 2026, 18:10",3413266175,3413266175,30187.55,240,7245012,828,0.01,0,,,,,69149.4,69.15,
VANTAGE:NAS100,80,Exit long,"Aug 17, 2026, 18:25",3413308725,3413308725,30190.75,240,7249180.8,-3400.8,-0.05,0,,,,,65748.6,65.75,
VANTAGE:NAS100,80,Entry long,"Aug 17, 2026, 18:16",3413306187,3413306187,30204.92,240,7249180.8,-3400.8,-0.05,0,,,,,65748.6,65.75,
VANTAGE:NAS100,81,Exit long,"Aug 17, 2026, 18:32",3413359091,3413359091,30189,280,8452659,261,0,0,,,,,66009.6,66.01,
VANTAGE:NAS100,81,Entry long,"Aug 17, 2026, 18:25",3413358803,3413358803,30188.067857142858,280,8452659,261,0,0,,,,,66009.6,66.01,
VANTAGE:NAS100,82,Exit long,"Aug 17, 2026, 18:35",3413402197,3413402197,30168.55,260,7847138,-3315,-0.04,0,,,,,62694.6,62.69,
VANTAGE:NAS100,82,Entry long,"Aug 17, 2026, 18:32",3413400498,3413400498,30181.3,260,7847138,-3315,-0.04,0,,,,,62694.6,62.69,
VANTAGE:NAS100,83,Exit short,"Aug 17, 2026, 20:23",3413421351,3413421351,30061.722307692307,260,7845500,29452.2,0.38,0,,,,,92146.8,92.15,
VANTAGE:NAS100,83,Entry short,"Aug 17, 2026, 18:35",3413416939,3413416939,30175,260,7845500,29452.2,0.38,0,,,,,92146.8,92.15,
VANTAGE:NAS100,84,Exit long,"Aug 18, 2026, 12:41",3416296527,3416296527,29637.81,60,1779841.5999999999,-1573,-0.09,0,,,,,90573.8,90.57,
VANTAGE:NAS100,84,Entry long,"Aug 18, 2026, 12:36",3416294974,3416294974,29664.026666666665,60,1779841.5999999999,-1573,-0.09,0,,,,,90573.8,90.57,
VANTAGE:NAS100,85,Exit long,"Aug 18, 2026, 12:50",3416320092,3416320092,29630.31,60,1778631.5999999999,-813,-0.05,0,,,,,89760.8,89.76,
VANTAGE:NAS100,85,Entry long,"Aug 18, 2026, 12:46",3416318102,3416318102,29643.859999999997,60,1778631.5999999999,-813,-0.05,0,,,,,89760.8,89.76,
VANTAGE:NAS100,86,Exit long,"Aug 18, 2026, 15:10",3416334213,3416334213,29685.435,120,3558548.2,3704,0.1,0,,,,,93464.8,93.46,
VANTAGE:NAS100,86,Entry long,"Aug 18, 2026, 12:52",3416332290,3416332290,29654.568333333336,120,3558548.2,3704,0.1,0,,,,,93464.8,93.46,
VANTAGE:NAS100,87,Exit long,"Aug 18, 2026, 15:26",3416703181,3416703181,29649.06,60,1780011.6,-1068,-0.06,0,,,,,92396.8,92.4,
VANTAGE:NAS100,87,Entry long,"Aug 18, 2026, 15:12",3416703035,3416703035,29666.86,60,1780011.6,-1068,-0.06,0,,,,,92396.8,92.4,
VANTAGE:NAS100,88,Exit long,"Aug 18, 2026, 15:30",3416752613,3416752613,29636.56,60,1778841.6,-648,-0.04,0,,,,,91748.8,91.75,
VANTAGE:NAS100,88,Entry long,"Aug 18, 2026, 15:27",3416752337,3416752337,29647.36,60,1778841.6,-648,-0.04,0,,,,,91748.8,91.75,
VANTAGE:NAS100,89,Exit long,"Aug 18, 2026, 15:45",3416786978,3416786978,29618.56,60,1777566.6,-453,-0.03,0,,,,,91295.8,91.3,
VANTAGE:NAS100,89,Entry long,"Aug 18, 2026, 15:36",3416786411,3416786411,29626.11,60,1777566.6,-453,-0.03,0,,,,,91295.8,91.3,
VANTAGE:NAS100,90,Exit long,"Aug 18, 2026, 16:26",3416818269,3416818269,29614.060000000005,160,4740222.600000001,-1973,-0.04,0,,,,,89322.8,89.32,
VANTAGE:NAS100,90,Entry long,"Aug 18, 2026, 15:46",3416816900,3416816900,29626.391250000004,160,4740222.600000001,-1973,-0.04,0,,,,,89322.8,89.32,
VANTAGE:NAS100,91,Exit long,"Aug 18, 2026, 16:33",3417023941,3417023941,29597.81,200,5922812,-3250,-0.05,0,,,,,86072.8,86.07,
VANTAGE:NAS100,91,Entry long,"Aug 18, 2026, 16:29",3416988493,3416988493,29614.06,200,5922812,-3250,-0.05,0,,,,,86072.8,86.07,
VANTAGE:NAS100,92,Exit long,"Aug 18, 2026, 16:49",3417071135,3417071135,29619.71,200,5913922,10020,0.17,0,,,,,96092.8,96.09,
VANTAGE:NAS100,92,Entry long,"Aug 18, 2026, 16:34",3417053471,3417053471,29569.61,200,5913922,10020,0.17,0,,,,,96092.8,96.09,
VANTAGE:NAS100,93,Exit long,"Aug 18, 2026, 16:55",3417275780,3417275780,29553.06,200,5921372,-10760,-0.18,0,,,,,85332.8,85.33,
VANTAGE:NAS100,93,Entry long,"Aug 18, 2026, 16:51",3417267766,3417267766,29606.86,200,5921372,-10760,-0.18,0,,,,,85332.8,85.33,
VANTAGE:NAS100,94,Exit long,"Aug 18, 2026, 17:06",3417322316,3417322316,29563.06,260,7689468.6000000015,-3073,-0.04,0,,,,,82259.8,82.26,
VANTAGE:NAS100,94,Entry long,"Aug 18, 2026, 16:56",3417321758,3417321758,29574.879230769235,260,7689468.6000000015,-3073,-0.04,0,,,,,82259.8,82.26,
VANTAGE:NAS100,95,Exit long,"Aug 18, 2026, 17:09",3417436410,3417436410,29553.81,280,8283005.800000001,-7939,-0.1,0,,,,,74320.8,74.32,
VANTAGE:NAS100,95,Entry long,"Aug 18, 2026, 17:07",3417435028,3417435028,29582.163571428573,280,8283005.800000001,-7939,-0.1,0,,,,,74320.8,74.32,
VANTAGE:NAS100,96,Exit long,"Aug 18, 2026, 17:11",3417473621,3417473621,29514.06,282,8332778.5200000005,-9813.6,-0.12,0,,,,,64507.2,64.51,
VANTAGE:NAS100,96,Entry long,"Aug 18, 2026, 17:10",3417463928,3417463928,29548.86,282,8332778.5200000005,-9813.6,-0.12,0,,,,,64507.2,64.51,
VANTAGE:NAS100,97,Exit long,"Aug 18, 2026, 17:49",3417489100,3417489100,29540.94461538462,260,7673863.600000001,6782,0.09,0,,,,,71289.2,71.29,
VANTAGE:NAS100,97,Entry long,"Aug 18, 2026, 17:12",3417487378,3417487378,29514.86,260,7673863.600000001,6782,0.09,0,,,,,71289.2,71.29,
VANTAGE:NAS100,98,Exit long,"Aug 18, 2026, 17:51",3417817340,3417817340,29533.56,260,7683158.600000001,-4433,-0.06,0,,,,,66856.2,66.86,
VANTAGE:NAS100,98,Entry long,"Aug 18, 2026, 17:50",3417817035,3417817035,29550.61,260,7683158.600000001,-4433,-0.06,0,,,,,66856.2,66.86,
VANTAGE:NAS100,99,Exit long,"Aug 18, 2026, 17:56",3417844989,3417844989,29487.56,260,7672043.600000001,-5278,-0.07,0,,,,,61578.2,61.58,
VANTAGE:NAS100,99,Entry long,"Aug 18, 2026, 17:54",3417841560,3417841560,29507.86,260,7672043.600000001,-5278,-0.07,0,,,,,61578.2,61.58,
VANTAGE:NAS100,100,Exit long,"Aug 18, 2026, 17:57",3417865814,3417865814,29480.56,260,7668988.600000001,-4043,-0.05,0,,,,,57535.2,57.54,
VANTAGE:NAS100,100,Entry long,"Aug 18, 2026, 17:56",3417865535,3417865535,29496.11,260,7668988.600000001,-4043,-0.05,0,,,,,57535.2,57.54,
VANTAGE:NAS100,101,Exit long,"Aug 18, 2026, 17:58",3417873186,3417873186,29473.56,260,7666843.600000001,-3718,-0.05,0,,,,,53817.2,53.82,
VANTAGE:NAS100,101,Entry long,"Aug 18, 2026, 17:58",3417872686,3417872686,29487.86,260,7666843.600000001,-3718,-0.05,0,,,,,53817.2,53.82,
VANTAGE:NAS100,102,Exit long,"Aug 18, 2026, 18:09",3417892285,3417892285,29476.06,260,7667103.600000001,-3328,-0.04,0,,,,,50489.2,50.49,
VANTAGE:NAS100,102,Entry long,"Aug 18, 2026, 18:00",3417888722,3417888722,29488.86,260,7667103.600000001,-3328,-0.04,0,,,,,50489.2,50.49,
VANTAGE:NAS100,103,Exit long,"Aug 19, 2026, 01:40",3417990982,3417990982,29460.642061068706,262,7721986.32,-3298.1,-0.04,0,,,,,47191.1,47.19,
VANTAGE:NAS100,103,Entry long,"Aug 18, 2026, 18:13",3417989407,3417989407,29473.230229007633,262,7721986.32,-3298.1,-0.04,0,,,,,47191.1,47.19,
VANTAGE:NAS100,104,Exit long,"Aug 19, 2026, 03:01",3419424974,3419424974,29449.86,240,7071398.4,-3432,-0.05,0,,,,,43759.1,43.76,
VANTAGE:NAS100,104,Entry long,"Aug 19, 2026, 01:50",3419424748,3419424748,29464.16,240,7071398.4,-3432,-0.05,0,,,,,43759.1,43.76,
VANTAGE:NAS100,105,Exit long,"Aug 19, 2026, 12:55",3421058800,3421058800,29472.61,240,7079078.4,-5652,-0.08,0,,,,,38107.1,38.11,
VANTAGE:NAS100,105,Entry long,"Aug 19, 2026, 12:43",3421057604,3421057604,29496.16,240,7079078.4,-5652,-0.08,0,,,,,38107.1,38.11,
VANTAGE:NAS100,106,Exit long,"Aug 19, 2026, 13:57",3421234571,3421234571,29455.11,220,6485360.2,-5236,-0.08,0,,,,,32871.1,32.87,
VANTAGE:NAS100,106,Entry long,"Aug 19, 2026, 13:36",3421234100,3421234100,29478.91,220,6485360.2,-5236,-0.08,0,,,,,32871.1,32.87,
VANTAGE:NAS100,107,Exit long,"Aug 19, 2026, 14:34",3421353542,3421353542,29457.86,220,6486460.2,-5731,-0.09,0,,,,,27140.1,27.14,
VANTAGE:NAS100,107,Entry long,"Aug 19, 2026, 14:10",3421353292,3421353292,29483.91,220,6486460.2,-5731,-0.09,0,,,,,27140.1,27.14,
VANTAGE:NAS100,108,Exit long,"Aug 19, 2026, 16:25",3421460947,3421460947,29655.178181818188,220,6483130.2,41009,0.63,0,,,,,68149.1,68.15,
VANTAGE:NAS100,108,Entry long,"Aug 19, 2026, 14:39",3421459736,3421459736,29468.773636363636,220,6483130.2,41009,0.63,0,,,,,68149.1,68.15,
VANTAGE:NAS100,109,Exit short,"Aug 19, 2026, 17:11",3421993928,3421993928,29422.659999999996,240,7120981.4,59543,0.84,0,,,,,127692.1,127.69,
VANTAGE:NAS100,109,Entry short,"Aug 19, 2026, 16:26",3421993144,3421993144,29670.755833333336,240,7120981.4,59543,0.84,0,,,,,127692.1,127.69,
VANTAGE:NAS100,110,Exit long,"Aug 19, 2026, 20:03",3422813212,3422813212,29496.443333333336,120,3539079.2,494,0.01,0,,,,,128186.1,128.19,
VANTAGE:NAS100,110,Entry long,"Aug 19, 2026, 17:46",3422812702,3422812702,29492.326666666668,120,3539079.2,494,0.01,0,,,,,128186.1,128.19,
VANTAGE:NAS100,111,Exit long,"Aug 19, 2026, 21:07",3423807915,3423807915,29466.609999999997,80,2357432.8,-104,0,0,,,,,128082.1,128.08,
VANTAGE:NAS100,111,Entry long,"Aug 19, 2026, 20:29",3423807221,3423807221,29467.909999999996,80,2357432.8,-104,0,0,,,,,128082.1,128.08,
VANTAGE:NAS100,112,Exit long,"Aug 19, 2026, 21:57",3423987333,3423987333,29467.859999999997,80,2355472.8,1956,0.08,0,,,,,130038.1,130.04,
VANTAGE:NAS100,112,Entry long,"Aug 19, 2026, 21:08",3423986335,3423986335,29443.409999999996,80,2355472.8,1956,0.08,0,,,,,130038.1,130.04,
VANTAGE:NAS100,113,Exit short,"Aug 20, 2026, 13:36",3426693518,3426693518,29479.16,300,8841333,-2415,-0.03,0,,,,,127623.1,127.62,
VANTAGE:NAS100,113,Entry short,"Aug 20, 2026, 13:34",3426692830,3426692830,29471.11,300,8841333,-2415,-0.03,0,,,,,127623.1,127.62,
VANTAGE:NAS100,114,Exit short,"Aug 20, 2026, 13:37",3426701523,3426701523,29474.96,300,8838333,-4155,-0.05,0,,,,,123468.1,123.47,
VANTAGE:NAS100,114,Entry short,"Aug 20, 2026, 13:36",3426699780,3426699780,29461.11,300,8838333,-4155,-0.05,0,,,,,123468.1,123.47,
VANTAGE:NAS100,115,Exit short,"Aug 20, 2026, 13:47",3426703597,3426703597,29480.41,300,8841183,-2940,-0.03,0,,,,,120528.1,120.53,
VANTAGE:NAS100,115,Entry short,"Aug 20, 2026, 13:38",3426703403,3426703403,29470.61,300,8841183,-2940,-0.03,0,,,,,120528.1,120.53,
VANTAGE:NAS100,116,Exit long,"Aug 20, 2026, 14:00",3426747680,3426747680,29475.31,300,8844273,-1680,-0.02,0,,,,,118848.1,118.85,
VANTAGE:NAS100,116,Entry long,"Aug 20, 2026, 13:54",3426747452,3426747452,29480.91,300,8844273,-1680,-0.02,0,,,,,118848.1,118.85,
VANTAGE:NAS100,117,Exit short,"Aug 20, 2026, 14:21",3426768618,3426768618,29400.63,300,8836083,15894,0.18,0,,,,,134742.1,134.74,
VANTAGE:NAS100,117,Entry short,"Aug 20, 2026, 14:01",3426767636,3426767636,29453.61,300,8836083,15894,0.18,0,,,,,134742.1,134.74,
VANTAGE:NAS100,118,Exit short,"Aug 20, 2026, 16:53",3427551346,3427551346,29247.159999999996,20,587487.2,2544,0.43,0,,,,,137286.1,137.29,
VANTAGE:NAS100,118,Entry short,"Aug 20, 2026, 16:39",3427542028,3427542028,29374.36,20,587487.2,2544,0.43,0,,,,,137286.1,137.29,
VANTAGE:NAS100,119,Exit short,"Aug 20, 2026, 18:01",3428297053,3428297053,29379.909999999996,40,1173379.4,-1817,-0.15,0,,,,,135469.1,135.47,
VANTAGE:NAS100,119,Entry short,"Aug 20, 2026, 18:00",3428294450,3428294450,29334.484999999997,40,1173379.4,-1817,-0.15,0,,,,,135469.1,135.47,
VANTAGE:NAS100,120,Exit short,"Aug 20, 2026, 18:29",3428313327,3428313327,29274.076666666664,60,1762131.5999999999,5687,0.32,0,,,,,141156.1,141.16,
VANTAGE:NAS100,120,Entry short,"Aug 20, 2026, 18:02",3428311056,3428311056,29368.859999999997,60,1762131.5999999999,5687,0.32,0,,,,,141156.1,141.16,
VANTAGE:NAS100,121,Exit long,"Aug 20, 2026, 21:10",3429357286,3429357286,29154.359999999997,80,2333572.8,-1224,-0.05,0,,,,,139932.1,139.93,
VANTAGE:NAS100,121,Entry long,"Aug 20, 2026, 21:07",3429355179,3429355179,29169.659999999996,80,2333572.8,-1224,-0.05,0,,,,,139932.1,139.93,
VANTAGE:NAS100,122,Exit long,"Aug 21, 2026, 05:22",3429387215,3429387215,29277.232000000004,200,5831177.000000001,24269.4,0.42,0,,,,,164201.5,164.2,
VANTAGE:NAS100,122,Entry long,"Aug 20, 2026, 21:13",3429385097,3429385097,29155.885000000006,200,5831177.000000001,24269.4,0.42,0,,,,,164201.5,164.2,
VANTAGE:NAS100,123,Exit short,"Aug 21, 2026, 15:45",3432535497,3432535497,29466.75,400,11779505,-7195,-0.06,0,,,,,157006.5,157.01,
VANTAGE:NAS100,123,Entry short,"Aug 21, 2026, 15:28",3432534791,3432534791,29448.7625,400,11779505,-7195,-0.06,0,,,,,157006.5,157.01,
VANTAGE:NAS100,124,Exit short,"Aug 21, 2026, 16:32",3432623895,3432623895,29366.5,400,11785689.6,39089.6,0.33,0,,,,,196096.1,196.1,
VANTAGE:NAS100,124,Entry short,"Aug 21, 2026, 15:47",3432617826,3432617826,29464.224,400,11785689.6,39089.6,0.33,0,,,,,196096.1,196.1,
VANTAGE:NAS100,125,Exit long,"Aug 21, 2026, 16:53",3433021469,3433021469,29214.2,80,2340145,-3009,-0.13,0,,,,,193087.1,193.09,
VANTAGE:NAS100,125,Entry long,"Aug 21, 2026, 16:50",3433019617,3433019617,29251.8125,80,2340145,-3009,-0.13,0,,,,,193087.1,193.09,
VANTAGE:NAS100,126,Exit long,"Aug 21, 2026, 17:14",3433063092,3433063092,29189.7,80,2337300,-2124,-0.09,0,,,,,190963.1,190.96,
VANTAGE:NAS100,126,Entry long,"Aug 21, 2026, 16:54",3433057958,3433057958,29216.25,80,2337300,-2124,-0.09,0,,,,,190963.1,190.96,
VANTAGE:NAS100,127,Exit long,"Aug 21, 2026, 17:19",3433262641,3433262641,29174.45,100,2920150,-2705,-0.09,0,,,,,188258.1,188.26,
VANTAGE:NAS100,127,Entry long,"Aug 21, 2026, 17:16",3433259558,3433259558,29201.5,100,2920150,-2705,-0.09,0,,,,,188258.1,188.26,
VANTAGE:NAS100,128,Exit long,"Aug 21, 2026, 19:58",3433409758,3433409758,29344.2,100,2922150,12270,0.42,0,,,,,200528.1,200.53,
VANTAGE:NAS100,128,Entry long,"Aug 21, 2026, 17:29",3433370486,3433370486,29221.5,100,2922150,12270,0.42,0,,,,,200528.1,200.53,
VANTAGE:NAS100,129,Exit long,"Aug 24, 2026, 02:26",3439157895,3439157895,29370,20,585222,2178,0.37,0,,,,,202706.1,202.71,
VANTAGE:NAS100,129,Entry long,"Aug 24, 2026, 01:06",3439157413,3439157413,29261.1,20,585222,2178,0.37,0,,,,,202706.1,202.71,
VANTAGE:NAS100,130,Exit long,"Aug 24, 2026, 16:30",3441905250,3441905250,29118.65,60,1748428,-1309,-0.07,0,,,,,201397.1,201.4,
VANTAGE:NAS100,130,Entry long,"Aug 24, 2026, 16:07",3441902140,3441902140,29140.466666666667,60,1748428,-1309,-0.07,0,,,,,201397.1,201.4,
VANTAGE:NAS100,131,Exit long,"Aug 24, 2026, 16:44",3442086655,3442086655,28939.15,220,6384169,-17556,-0.27,0,,,,,183841.1,183.84,
VANTAGE:NAS100,131,Entry long,"Aug 24, 2026, 16:34",3442084993,3442084993,29018.95,220,6384169,-17556,-0.27,0,,,,,183841.1,183.84,
VANTAGE:NAS100,132,Exit long,"Aug 25, 2026, 03:15",3442232314,3442232314,29017.955,840,24347265.4,27816.8,0.11,0,,,,,211657.9,211.66,
VANTAGE:NAS100,132,Entry long,"Aug 24, 2026, 16:45",3442228004,3442228004,28984.83976190476,840,24347265.4,27816.8,0.11,0,,,,,211657.9,211.66,
VANTAGE:NAS100,133,Exit short,"Aug 25, 2026, 15:17",3446784751,3446784751,29348.45,560,16398224,-36908,-0.23,0,,,,,174749.9,174.75,
VANTAGE:NAS100,133,Entry short,"Aug 25, 2026, 14:08",3446784170,3446784170,29282.542857142857,560,16398224,-36908,-0.23,0,,,,,174749.9,174.75,
VANTAGE:NAS100,134,Exit short,"Aug 25, 2026, 15:42",3447120628,3447120628,29270.95,460,13488189,23552,0.17,0,,,,,198301.9,198.3,
VANTAGE:NAS100,134,Entry short,"Aug 25, 2026, 15:21",3447037516,3447037516,29322.15,460,13488189,23552,0.17,0,,,,,198301.9,198.3,
VANTAGE:NAS100,135,Exit long,"Aug 25, 2026, 16:50",3447612409,3447612409,29325.4,520,15226349,22859,0.15,0,,,,,221160.9,221.16,
VANTAGE:NAS100,135,Entry long,"Aug 25, 2026, 15:43",3447126168,3447126168,29281.440384615384,520,15226349,22859,0.15,0,,,,,221160.9,221.16,
VANTAGE:NAS100,136,Exit short,"Aug 25, 2026, 17:30",3447655916,3447655916,29155.45,540,15834336,90393,0.57,0,,,,,311553.9,311.55,
VANTAGE:NAS100,136,Entry short,"Aug 25, 2026, 16:52",3447638419,3447638419,29322.844444444443,540,15834336,90393,0.57,0,,,,,311553.9,311.55,
VANTAGE:NAS100,137,Exit short,"Aug 25, 2026, 17:40",3448118488,3448118488,29198.45,620,18104713,1674,0.01,0,,,,,313227.9,313.23,
VANTAGE:NAS100,137,Entry short,"Aug 25, 2026, 17:40",3448116552,3448116552,29201.15,620,18104713,1674,0.01,0,,,,,313227.9,313.23,
VANTAGE:NAS100,138,Exit long,"Aug 25, 2026, 18:02",3448137666,3448137666,29152.15,700,20415142.4,-8637.4,-0.04,0,,,,,304590.5,304.59,
VANTAGE:NAS100,138,Entry long,"Aug 25, 2026, 17:42",3448134680,3448134680,29164.48914285714,700,20415142.4,-8637.4,-0.04,0,,,,,304590.5,304.59,
VANTAGE:NAS100,139,Exit short,"Aug 25, 2026, 18:47",3448556457,3448556457,29183.95,740,21587861,-8262,-0.04,0,,,,,296328.5,296.33,
VANTAGE:NAS100,139,Entry short,"Aug 25, 2026, 18:12",3448337218,3448337218,29172.785135135135,740,21587861,-8262,-0.04,0,,,,,296328.5,296.33,
VANTAGE:NAS100,140,Exit long,"Aug 25, 2026, 19:03",3448567248,3448567248,29233.65,680,19838706,40176,0.2,0,,,,,336504.5,336.5,
VANTAGE:NAS100,140,Entry long,"Aug 25, 2026, 18:49",3448566602,3448566602,29174.567647058822,680,19838706,40176,0.2,0,,,,,336504.5,336.5,
VANTAGE:NAS100,141,Exit short,"Aug 25, 2026, 21:33",3448668817,3448668817,29181.7,740,21627286,32828,0.15,0,,,,,369332.5,369.33,
VANTAGE:NAS100,141,Entry short,"Aug 25, 2026, 19:06",3448666248,3448666248,29226.06216216216,740,21627286,32828,0.15,0,,,,,369332.5,369.33,
VANTAGE:NAS100,142,Exit short,"Aug 25, 2026, 21:43",3449330756,3449330756,29205.95,800,23356720,-8040,-0.03,0,,,,,361292.5,361.29,
VANTAGE:NAS100,142,Entry short,"Aug 25, 2026, 21:37",3449324483,3449324483,29195.9,800,23356720,-8040,-0.03,0,,,,,361292.5,361.29,
VANTAGE:NAS100,143,Exit short,"Aug 25, 2026, 22:20",3449355183,3449355183,29165.2,780,22788987,40131,0.18,0,,,,,401423.5,401.42,
VANTAGE:NAS100,143,Entry short,"Aug 25, 2026, 21:45",3449354596,3449354596,29216.65,780,22788987,40131,0.18,0,,,,,401423.5,401.42,
VANTAGE:NAS100,144,Exit short,"Aug 26, 2026, 15:29",3452047778,3452047778,29207.95,200,5842170,580,0.01,0,,,,,402003.5,402,
VANTAGE:NAS100,144,Entry short,"Aug 26, 2026, 14:31",3452011380,3452011380,29210.85,200,5842170,580,0.01,0,,,,,402003.5,402,
VANTAGE:NAS100,145,Exit long,"Aug 26, 2026, 15:54",3452392349,3452392349,29092.35,400,11644490,-7550,-0.06,0,,,,,394453.5,394.45,
VANTAGE:NAS100,145,Entry long,"Aug 26, 2026, 15:31",3452051646,3452051646,29111.225,400,11644490,-7550,-0.06,0,,,,,394453.5,394.45,
VANTAGE:NAS100,146,Exit long,"Aug 27, 2026, 01:01",3452400507,3452400507,29377.242727272725,1100,32031965,283002,0.88,0,,,,,677455.5,677.46,
VANTAGE:NAS100,146,Entry long,"Aug 26, 2026, 15:55",3452399750,3452399750,29119.96818181818,1100,32031965,283002,0.88,0,,,,,677455.5,677.46,
VANTAGE:NAS100,147,Exit short,"Aug 27, 2026, 02:49",3455197512,3455197512,29582.55,600,17738120,-11410,-0.06,0,,,,,666045.5,666.05,
VANTAGE:NAS100,147,Entry short,"Aug 27, 2026, 01:57",3455193050,3455193050,29563.533333333333,600,17738120,-11410,-0.06,0,,,,,666045.5,666.05,
VANTAGE:NAS100,148,Exit long,"Aug 27, 2026, 14:21",3457193747,3457193747,29544.75,700,20690290,-8965,-0.04,0,,,,,657080.5,657.08,
VANTAGE:NAS100,148,Entry long,"Aug 27, 2026, 14:08",3457182150,3457182150,29557.557142857142,700,20690290,-8965,-0.04,0,,,,,657080.5,657.08,
VANTAGE:NAS100,149,Exit long,"Aug 27, 2026, 14:29",3457235971,3457235971,29526.75,800,23636915,-15515,-0.07,0,,,,,641565.5,641.57,
VANTAGE:NAS100,149,Entry long,"Aug 27, 2026, 14:22",3457233756,3457233756,29546.14375,800,23636915,-15515,-0.07,0,,,,,641565.5,641.57,
VANTAGE:NAS100,150,Exit short,"Aug 27, 2026, 15:01",3457285570,3457285570,29507.51785714286,1400,41328250,17725,0.04,0,,,,,659290.5,659.29,
VANTAGE:NAS100,150,Entry short,"Aug 27, 2026, 14:35",3457277279,3457277279,29520.178571428572,1400,41328250,17725,0.04,0,,,,,659290.5,659.29,
VANTAGE:NAS100,151,Exit long,"Aug 27, 2026, 15:44",3457381724,3457381724,29498,1000,29514800,-16800,-0.06,0,,,,,642490.5,642.49,
VANTAGE:NAS100,151,Entry long,"Aug 27, 2026, 15:04",3457379646,3457379646,29514.8,1000,29514800,-16800,-0.06,0,,,,,642490.5,642.49,
VANTAGE:NAS100,152,Exit short,"Aug 27, 2026, 16:07",3457553168,3457553168,29514.3,1200,35387050,-30110,-0.09,0,,,,,612380.5,612.38,
VANTAGE:NAS100,152,Entry short,"Aug 27, 2026, 15:47",3457551844,3457551844,29489.208333333332,1200,35387050,-30110,-0.09,0,,,,,612380.5,612.38,
VANTAGE:NAS100,153,Exit long,"Aug 27, 2026, 16:30",3457645959,3457645959,29468.7,1200,35407885,-45445,-0.13,0,,,,,566935.5,566.94,
VANTAGE:NAS100,153,Entry long,"Aug 27, 2026, 16:08",3457642208,3457642208,29506.570833333335,1200,35407885,-45445,-0.13,0,,,,,566935.5,566.94,
VANTAGE:NAS100,154,Exit long,"Aug 27, 2026, 16:31",3457757964,3457757964,29506.75,1100,32466205,-8780,-0.03,0,,,,,558155.5,558.16,
VANTAGE:NAS100,154,Entry long,"Aug 27, 2026, 16:30",3457757019,3457757019,29514.73181818182,1100,32466205,-8780,-0.03,0,,,,,558155.5,558.16,
VANTAGE:NAS100,155,Exit long,"Aug 27, 2026, 16:34",3457791549,3457791549,29413.5,1100,32383879.999999996,-29030,-0.09,0,,,,,529125.5,529.13,
VANTAGE:NAS100,155,Entry long,"Aug 27, 2026, 16:32",3457784022,3457784022,29439.890909090907,1100,32383879.999999996,-29030,-0.09,0,,,,,529125.5,529.13,
VANTAGE:NAS100,156,Exit long,"Aug 27, 2026, 16:57",3457842061,3457842061,29415.25,1200,35313860,-15560,-0.04,0,,,,,513565.5,513.57,
VANTAGE:NAS100,156,Entry long,"Aug 27, 2026, 16:35",3457840182,3457840182,29428.216666666667,1200,35313860,-15560,-0.04,0,,,,,513565.5,513.57,
VANTAGE:NAS100,157,Exit long,"Aug 27, 2026, 18:23",3458129802,3458129802,29563,1200,35287310,188290,0.53,0,,,,,701855.5,701.86,
VANTAGE:NAS100,157,Entry long,"Aug 27, 2026, 16:58",3458128801,3458128801,29406.091666666667,1200,35287310,188290,0.53,0,,,,,701855.5,701.86,
VANTAGE:NAS100,158,Exit long,"Aug 27, 2026, 18:29",3458851100,3458851100,29533.75,1300,38413115,-19240,-0.05,0,,,,,682615.5,682.62,
VANTAGE:NAS100,158,Entry long,"Aug 27, 2026, 18:27",3458846502,3458846502,29548.55,1300,38413115,-19240,-0.05,0,,,,,682615.5,682.62,
VANTAGE:NAS100,159,Exit long,"Aug 27, 2026, 18:37",3458869458,3458869458,29513.25,1300,38384840,-17615,-0.05,0,,,,,665000.5,665,
VANTAGE:NAS100,159,Entry long,"Aug 27, 2026, 18:30",3458863912,3458863912,29526.8,1300,38384840,-17615,-0.05,0,,,,,665000.5,665,
VANTAGE:NAS100,160,Exit long,"Aug 27, 2026, 18:44",3458913596,3458913596,29491.5,1300,38374615,-35665,-0.09,0,,,,,629335.5,629.34,
VANTAGE:NAS100,160,Entry long,"Aug 27, 2026, 18:38",3458913249,3458913249,29518.934615384616,1300,38374615,-35665,-0.09,0,,,,,629335.5,629.34,
VANTAGE:NAS100,161,Exit long,"Aug 27, 2026, 19:09",3459059923,3459059923,29552,1300,38393665,23935,0.06,0,,,,,653270.5,653.27,
VANTAGE:NAS100,161,Entry long,"Aug 27, 2026, 18:46",3458967451,3458967451,29533.58846153846,1300,38393665,23935,0.06,0,,,,,653270.5,653.27,
VANTAGE:NAS100,162,Exit short,"Aug 27, 2026, 19:11",3459110089,3459110089,29562.6,1200,35460300,-14820,-0.04,0,,,,,638450.5,638.45,
VANTAGE:NAS100,162,Entry short,"Aug 27, 2026, 19:10",3459109288,3459109288,29550.25,1200,35460300,-14820,-0.04,0,,,,,638450.5,638.45,
VANTAGE:NAS100,163,Exit short,"Aug 27, 2026, 19:16",3459114217,3459114217,29557.55,1200,35472455,3395,0.01,0,,,,,641845.5,641.85,
VANTAGE:NAS100,163,Entry short,"Aug 27, 2026, 19:11",3459111866,3459111866,29560.379166666666,1200,35472455,3395,0.01,0,,,,,641845.5,641.85,
VANTAGE:NAS100,164,Exit short,"Aug 27, 2026, 19:28",3459145766,3459145766,29557.3,1200,35454600,-14160,-0.04,0,,,,,627685.5,627.69,
VANTAGE:NAS100,164,Entry short,"Aug 27, 2026, 19:17",3459144777,3459144777,29545.5,1200,35454600,-14160,-0.04,0,,,,,627685.5,627.69,
VANTAGE:NAS100,165,Exit long,"Aug 27, 2026, 20:05",3459198255,3459198255,29616.12,1300,38427290,73666,0.19,0,,,,,701351.5,701.35,
VANTAGE:NAS100,165,Entry long,"Aug 27, 2026, 19:28",3459197677,3459197677,29559.453846153847,1300,38427290,73666,0.19,0,,,,,701351.5,701.35,
VANTAGE:NAS100,166,Exit short,"Aug 27, 2026, 20:08",3459389769,3459389769,29621.92,1300,38496575,-11921,-0.03,0,,,,,689430.5,689.43,
VANTAGE:NAS100,166,Entry short,"Aug 27, 2026, 20:06",3459382451,3459382451,29612.75,1300,38496575,-11921,-0.03,0,,,,,689430.5,689.43,
VANTAGE:NAS100,167,Exit long,"Aug 27, 2026, 20:18",3459399140,3459399140,29620.75,1300,38501515,5460,0.01,0,,,,,694890.5,694.89,
VANTAGE:NAS100,167,Entry long,"Aug 27, 2026, 20:09",3459396670,3459396670,29616.55,1300,38501515,5460,0.01,0,,,,,694890.5,694.89,
VANTAGE:NAS100,168,Exit short,"Aug 27, 2026, 22:04",3459451273,3459451273,29541.05,1580,46779708,104849,0.22,0,,,,,799739.5,799.74,
VANTAGE:NAS100,168,Entry short,"Aug 27, 2026, 20:19",3459446060,3459446060,29607.41012658228,1580,46779708,104849,0.22,0,,,,,799739.5,799.74,
VANTAGE:NAS100,169,Exit short,"Aug 27, 2026, 22:32",3459917910,3459917910,29575.05,1500,44321625,-40950,-0.09,0,,,,,758789.5,758.79,
VANTAGE:NAS100,169,Entry short,"Aug 27, 2026, 22:07",3459912272,3459912272,29547.75,1500,44321625,-40950,-0.09,0,,,,,758789.5,758.79,
VANTAGE:NAS100,170,Exit short,"Aug 27, 2026, 22:54",3460013750,3460013750,29635.3,1400,41416750,-72670,-0.18,0,,,,,686119.5,686.12,
VANTAGE:NAS100,170,Entry short,"Aug 27, 2026, 22:35",3460012303,3460012303,29583.39285714286,1400,41416750,-72670,-0.18,0,,,,,686119.5,686.12,
VANTAGE:NAS100,171,Exit short,"Aug 27, 2026, 23:57",3460095815,3460095815,29591.492028985507,1380,40922761,86502,0.21,0,,,,,772621.5,772.62,
VANTAGE:NAS100,171,Entry short,"Aug 27, 2026, 22:59",3460091862,3460091862,29654.17463768116,1380,40922761,86502,0.21,0,,,,,772621.5,772.62,
VANTAGE:NAS100,172,Exit short,"Aug 28, 2026, 03:02",3460224356,3460224356,29580.3,1500,44382430,11980,0.03,0,,,,,784601.5,784.6,
VANTAGE:NAS100,172,Entry short,"Aug 27, 2026, 23:59",3460223273,3460223273,29588.286666666667,1500,44382430,11980,0.03,0,,,,,784601.5,784.6,
VANTAGE:NAS100,173,Exit long,"Aug 28, 2026, 03:09",3460525362,3460525362,29585.25,1500,44350825,27050,0.06,0,,,,,811651.5,811.65,
VANTAGE:NAS100,173,Entry long,"Aug 28, 2026, 03:05",3460524969,3460524969,29567.216666666667,1500,44350825,27050,0.06,0,,,,,811651.5,811.65,
VANTAGE:NAS100,174,Exit short,"Aug 28, 2026, 03:49",3460539995,3460539995,29618.55,1500,44386875,-40950,-0.09,0,,,,,770701.5,770.7,
VANTAGE:NAS100,174,Entry short,"Aug 28, 2026, 03:10",3460539424,3460539424,29591.25,1500,44386875,-40950,-0.09,0,,,,,770701.5,770.7,
VANTAGE:NAS100,175,Exit short,"Aug 28, 2026, 15:06",3461651895,3461651895,29583.8,1380,40806435,-19209,-0.05,0,,,,,751492.5,751.49,
VANTAGE:NAS100,175,Entry short,"Aug 28, 2026, 10:13",3461649703,3461649703,29569.880434782608,1380,40806435,-19209,-0.05,0,,,,,751492.5,751.49,
VANTAGE:NAS100,176,Exit long,"Aug 28, 2026, 15:11",3462360344,3462360344,29575.25,1300,38456340,-8515,-0.02,0,,,,,742977.5,742.98,
VANTAGE:NAS100,176,Entry long,"Aug 28, 2026, 15:08",3462353762,3462353762,29581.8,1300,38456340,-8515,-0.02,0,,,,,742977.5,742.98,
VANTAGE:NAS100,177,Exit short,"Aug 28, 2026, 15:43",3462366283,3462366283,29617.55,1300,38456925,-45890,-0.12,0,,,,,697087.5,697.09,
VANTAGE:NAS100,177,Entry short,"Aug 28, 2026, 15:12",3462362939,3462362939,29582.25,1300,38456925,-45890,-0.12,0,,,,,697087.5,697.09,
VANTAGE:NAS100,178,Exit long,"Aug 28, 2026, 16:05",3462493688,3462493688,29620.75,1300,38502165,4810,0.01,0,,,,,701897.5,701.9,
VANTAGE:NAS100,178,Entry long,"Aug 28, 2026, 15:43",3462482221,3462482221,29617.05,1300,38502165,4810,0.01,0,,,,,701897.5,701.9,
VANTAGE:NAS100,179,Exit short,"Aug 28, 2026, 16:33",3462685340,3462685340,29523.05,1300,38506000,126035,0.33,0,,,,,827932.5,827.93,
VANTAGE:NAS100,179,Entry short,"Aug 28, 2026, 16:07",3462569367,3462569367,29620,1300,38506000,126035,0.33,0,,,,,827932.5,827.93,
VANTAGE:NAS100,180,Exit long,"Aug 28, 2026, 16:37",3462717396,3462717396,29602,1500,44308950,94050,0.21,0,,,,,921982.5,921.98,
VANTAGE:NAS100,180,Entry long,"Aug 28, 2026, 16:34",3462714704,3462714704,29539.3,1500,44308950,94050,0.21,0,,,,,921982.5,921.98,
VANTAGE:NAS100,181,Exit long,"Aug 28, 2026, 17:04",3463028770,3463028770,29561,1000,29620425,-59425,-0.2,0,,,,,862557.5,862.56,
VANTAGE:NAS100,181,Entry long,"Aug 28, 2026, 17:01",3463007274,3463007274,29620.425,1000,29620425,-59425,-0.2,0,,,,,862557.5,862.56,
VANTAGE:NAS100,182,Exit long,"Aug 28, 2026, 17:06",3463066589,3463066589,29533,1000,29567675,-34675,-0.12,0,,,,,827882.5,827.88,
VANTAGE:NAS100,182,Entry long,"Aug 28, 2026, 17:05",3463059975,3463059975,29567.675,1000,29567675,-34675,-0.12,0,,,,,827882.5,827.88,
VANTAGE:NAS100,183,Exit short,"Aug 28, 2026, 17:17",3463112173,3463112173,29553.3,1500,44335250,5300,0.01,0,,,,,833182.5,833.18,
VANTAGE:NAS100,183,Entry short,"Aug 28, 2026, 17:08",3463091059,3463091059,29556.833333333332,1500,44335250,5300,0.01,0,,,,,833182.5,833.18,
VANTAGE:NAS100,184,Exit short,"Aug 28, 2026, 17:37",3463250889,3463250889,29653.55,1500,44389125,-91200,-0.21,0,,,,,741982.5,741.98,
VANTAGE:NAS100,184,Entry short,"Aug 28, 2026, 17:20",3463226126,3463226126,29592.75,1500,44389125,-91200,-0.21,0,,,,,741982.5,741.98,
VANTAGE:NAS100,185,Exit long,"Aug 28, 2026, 17:44",3463434490,3463434490,29696.5,1380,40920174,60996,0.15,0,,,,,802978.5,802.98,
VANTAGE:NAS100,185,Entry long,"Aug 28, 2026, 17:40",3463433448,3463433448,29652.3,1380,40920174,60996,0.15,0,,,,,802978.5,802.98,
VANTAGE:NAS100,186,Exit short,"Aug 28, 2026, 23:49",3463484252,3463484252,29508.83,1500,44575912,312667,0.7,0,,,,,1115645.5,1115.65,
VANTAGE:NAS100,186,Entry short,"Aug 28, 2026, 17:47",3463481115,3463481115,29717.274666666668,1500,44575912,312667,0.7,0,,,,,1115645.5,1115.65,