Symbol,Side,Type,Quantity,Limit price,Stop price,Fill price,Status,Commission,Placing time,Closing time,Order ID,Level ID,Leverage,Margin
CRYPTO:BTCUSD,Sell,Market,20,,,,Rejected,,2026-06-19 21:11:55,2026-06-19 21:11:55,3202341815,,50:1,
CRYPTO:BTCUSD,Sell,Market,100,,,63053.93,Filled,,2026-06-19 21:10:38,2026-06-19 21:10:38,3202340202,,50:1,"126,107.86 USD"
CAPITALCOM:NAS100,Buy,Market,420,,,30324.2,Filled,,2026-06-19 21:09:13,2026-06-19 21:09:13,3202338345,,100:1,"127,361.64 USD"
CAPITALCOM:NAS100,Sell,Market,20,,,,Rejected,,2026-06-19 20:24:41,2026-06-19 20:24:41,3202255012,,100:1,
CAPITALCOM:NAS100,Sell,Market,20,,,,Rejected,,2026-06-19 20:10:23,2026-06-19 20:10:23,3202223027,,100:1,
CAPITALCOM:NAS100,Sell,Market,20,,,30316.8,Filled,,2026-06-19 20:10:21,2026-06-19 20:10:21,3202222922,,100:1,"6,063.36 USD"
CAPITALCOM:NAS100,Buy,Limit,420,30290.1,,,Cancelled,,2026-06-19 20:02:56,2026-06-19 21:09:13,3202201244,,,
CAPITALCOM:NAS100,Buy,Stop,420,,30320.8,,Cancelled,,2026-06-19 20:02:43,2026-06-19 21:09:13,3202200601,,,
CAPITALCOM:NAS100,Sell,Market,400,,,30321.6,Filled,,2026-06-19 20:02:36,2026-06-19 20:02:36,3202200242,,100:1,"121,286.40 USD"
CAPITALCOM:NAS100,Sell,Limit,20,30376,,30376.7,Filled,,2026-06-19 18:58:52,2026-06-19 19:34:20,3201992116,,100:1,"6,075.20 USD"
CAPITALCOM:NAS100,Sell,Market,20,,,30361.4,Filled,,2026-06-19 18:54:34,2026-06-19 18:54:34,3201980537,,100:1,"6,072.28 USD"
CAPITALCOM:NAS100,Sell,Limit,20,30409.8,,,Cancelled,,2026-06-19 18:38:50,2026-06-19 21:09:26,3201926407,,100:1,
CAPITALCOM:NAS100,Sell,Limit,360,30429.5,,,Cancelled,,2026-06-19 18:38:32,2026-06-19 19:52:36,3201925389,,,
CAPITALCOM:NAS100,Sell,Stop,360,,30345.1,30344.4,Filled,,2026-06-19 18:38:06,2026-06-19 19:52:36,3201923673,,,
CAPITALCOM:NAS100,Buy,Market,400,,,30336,Filled,,2026-06-19 18:37:49,2026-06-19 18:37:49,3201922690,,100:1,"121,344.00 USD"
CAPITALCOM:NAS100,Sell,Limit,360,30445.8,,,Cancelled,,2026-06-19 18:36:30,2026-06-19 18:37:06,3201918108,,,
CAPITALCOM:NAS100,Sell,Stop,360,,30338.4,30336.9,Filled,,2026-06-19 18:36:21,2026-06-19 18:37:06,3201917537,,,
CAPITALCOM:NAS100,Buy,Market,60,,,,Rejected,,2026-06-19 18:36:14,2026-06-19 18:36:15,3201917120,,100:1,
CAPITALCOM:NAS100,Buy,Market,60,,,,Rejected,,2026-06-19 18:36:13,2026-06-19 18:36:13,3201917042,,100:1,
CAPITALCOM:NAS100,Buy,Market,60,,,30343.1,Filled,,2026-06-19 18:36:12,2026-06-19 18:36:12,3201916981,,100:1,"18,205.86 USD"
CAPITALCOM:NAS100,Buy,Market,60,,,30343.1,Filled,,2026-06-19 18:36:12,2026-06-19 18:36:12,3201916924,,100:1,"18,205.86 USD"
CAPITALCOM:NAS100,Buy,Market,60,,,30343.5,Filled,,2026-06-19 18:36:10,2026-06-19 18:36:11,3201916837,,100:1,"18,206.10 USD"
CAPITALCOM:NAS100,Buy,Market,60,,,30343,Filled,,2026-06-19 18:36:09,2026-06-19 18:36:09,3201916738,,100:1,"18,205.80 USD"
CAPITALCOM:NAS100,Buy,Market,60,,,30343.5,Filled,,2026-06-19 18:36:08,2026-06-19 18:36:08,3201916661,,100:1,"18,206.10 USD"
CAPITALCOM:NAS100,Buy,Market,60,,,30346,Filled,,2026-06-19 18:36:07,2026-06-19 18:36:07,3201916569,,100:1,"18,207.60 USD"
CAPITALCOM:NAS100,Sell,Limit,20,30396.2,,,Cancelled,,2026-06-19 18:28:51,2026-06-19 18:58:58,3201890520,,100:1,
CAPITALCOM:NAS100,Sell,Limit,20,30397.7,,,Cancelled,,2026-06-19 18:28:49,2026-06-19 21:09:26,3201890416,,100:1,
CAPITALCOM:NAS100,Sell,Limit,20,30389.6,,,Cancelled,,2026-06-19 18:28:47,2026-06-19 21:09:34,3201890319,,100:1,
CAPITALCOM:NAS100,Sell,Limit,360,30460.1,,,Cancelled,,2026-06-19 18:20:24,2026-06-19 18:32:37,3201862913,,,
CAPITALCOM:NAS100,Sell,Stop,360,,30359.9,30360.9,Filled,,2026-06-19 18:20:09,2026-06-19 18:32:37,3201861645,,,
CAPITALCOM:NAS100,Buy,Market,40,,,30361.9,Filled,,2026-06-19 18:20:05,2026-06-19 18:20:05,3201861331,,100:1,"12,144.76 USD"
CAPITALCOM:NAS100,Buy,Market,40,,,30361.9,Filled,,2026-06-19 18:20:04,2026-06-19 18:20:04,3201861271,,100:1,"12,144.76 USD"
CAPITALCOM:NAS100,Buy,Market,40,,,30361.4,Filled,,2026-06-19 18:20:02,2026-06-19 18:20:02,3201861162,,100:1,"12,144.56 USD"
CAPITALCOM:NAS100,Buy,Market,40,,,30362,Filled,,2026-06-19 18:20:01,2026-06-19 18:20:01,3201861089,,100:1,"12,144.80 USD"
CAPITALCOM:NAS100,Buy,Market,40,,,30362,Filled,,2026-06-19 18:20:00,2026-06-19 18:20:00,3201861014,,100:1,"12,144.80 USD"
CAPITALCOM:NAS100,Buy,Market,40,,,30362.3,Filled,,2026-06-19 18:19:59,2026-06-19 18:19:59,3201860987,,100:1,"12,144.92 USD"
CAPITALCOM:NAS100,Buy,Market,40,,,30362.4,Filled,,2026-06-19 18:19:58,2026-06-19 18:19:58,3201860925,,100:1,"12,144.96 USD"
CAPITALCOM:NAS100,Buy,Market,40,,,30362.4,Filled,,2026-06-19 18:19:58,2026-06-19 18:19:58,3201860878,,100:1,"12,144.96 USD"
CAPITALCOM:NAS100,Buy,Market,40,,,30362.8,Filled,,2026-06-19 18:19:57,2026-06-19 18:19:57,3201860825,,100:1,"12,145.12 USD"
CAPITALCOM:NAS100,Buy,Market,20,,,30361.2,Filled,,2026-06-19 18:19:44,2026-06-19 18:19:44,3201859968,,100:1,"6,072.24 USD"
CAPITALCOM:NAS100,Sell,Stop,320,,30358.4,30357.8,Filled,,2026-06-19 18:19:22,2026-06-19 18:19:46,3201858858,,,
CAPITALCOM:NAS100,Buy,Market,300,,,30361.8,Filled,,2026-06-19 18:19:18,2026-06-19 18:19:18,3201858627,,100:1,"91,085.40 USD"
CAPITALCOM:NAS100,Sell,Limit,300,30458,,,Cancelled,,2026-06-19 18:18:42,2026-06-19 18:19:04,3201856873,,,
CAPITALCOM:NAS100,Sell,Stop,300,,30358.2,30357.2,Filled,,2026-06-19 18:18:25,2026-06-19 18:19:04,3201856101,,,
CAPITALCOM:NAS100,Buy,Market,300,,,30363.3,Filled,,2026-06-19 18:18:16,2026-06-19 18:18:16,3201855660,,100:1,"91,089.90 USD"
CAPITALCOM:NAS100,Sell,Limit,300,30456.1,,,Cancelled,,2026-06-19 18:02:26,2026-06-19 18:16:55,3201798380,,,
CAPITALCOM:NAS100,Sell,Stop,300,,30359.7,30360.8,Filled,,2026-06-19 18:02:14,2026-06-19 18:16:55,3201797480,,,
CAPITALCOM:NAS100,Buy,Market,300,,,30363.7,Filled,,2026-06-19 18:02:01,2026-06-19 18:02:01,3201796625,,100:1,"91,091.10 USD"
CAPITALCOM:NAS100,Sell,Stop,300,,30363.6,30361.2,Filled,,2026-06-19 18:00:19,2026-06-19 18:01:09,3201789214,,,
CAPITALCOM:NAS100,Sell,Limit,300,30453.4,,,Cancelled,,2026-06-19 18:00:06,2026-06-19 18:01:09,3201788395,,,
CAPITALCOM:NAS100,Buy,Market,300,,,30368.5,Filled,,2026-06-19 17:59:56,2026-06-19 17:59:56,3201787715,,100:1,"91,105.50 USD"
CAPITALCOM:NAS100,Buy,Limit,300,30297.1,,,Cancelled,,2026-06-19 17:57:01,2026-06-19 18:00:14,3201776744,,,
CAPITALCOM:NAS100,Buy,Stop,300,,30388.3,,Cancelled,,2026-06-19 17:56:50,2026-06-19 18:00:14,3201776097,,,
CAPITALCOM:NAS100,Sell,Limit,300,30381.9,,,Cancelled,,2026-06-19 17:56:44,2026-06-19 18:00:14,3201775687,,100:1,
CAPITALCOM:NAS100,Buy,Limit,300,30286.1,,,Cancelled,,2026-06-19 17:55:15,2026-06-19 17:55:48,3201769304,,,
CAPITALCOM:NAS100,Buy,Stop,300,,30368.7,30371.2,Filled,,2026-06-19 17:55:05,2026-06-19 17:55:48,3201768611,,,
CAPITALCOM:NAS100,Sell,Market,300,,,30362,Filled,,2026-06-19 17:54:56,2026-06-19 17:54:56,3201767891,,100:1,"91,086.00 USD"
CAPITALCOM:NAS100,Buy,Limit,300,30287,,,Cancelled,,2026-06-19 17:51:13,2026-06-19 17:54:23,3201754459,,,
CAPITALCOM:NAS100,Buy,Stop,300,,30361.2,30362.9,Filled,,2026-06-19 17:51:09,2026-06-19 17:54:23,3201754262,,,
CAPITALCOM:NAS100,Sell,Market,300,,,30355.5,Filled,,2026-06-19 17:51:05,2026-06-19 17:51:05,3201754017,,100:1,"91,066.50 USD"
CAPITALCOM:NAS100,Buy,Limit,300,30290,,,Cancelled,,2026-06-19 17:05:18,2026-06-19 17:46:08,3201564585,,,
CAPITALCOM:NAS100,Buy,Stop,300,,30357.5,30358.4,Filled,,2026-06-19 17:05:12,2026-06-19 17:46:08,3201564033,,,
CAPITALCOM:NAS100,Sell,Market,300,,,30354.1,Filled,,2026-06-19 17:05:01,2026-06-19 17:05:01,3201562958,,100:1,"91,062.30 USD"
CAPITALCOM:NAS100,Buy,Stop,300,,30355.8,30358,Filled,,2026-06-19 17:04:19,2026-06-19 17:04:24,3201558845,,,
CAPITALCOM:NAS100,Sell,Market,20,,,30351.2,Filled,,2026-06-19 17:04:08,2026-06-19 17:04:08,3201557478,,100:1,"6,070.24 USD"
CAPITALCOM:NAS100,Sell,Market,20,,,30349.7,Filled,,2026-06-19 17:04:07,2026-06-19 17:04:07,3201557386,,100:1,"6,069.94 USD"
CAPITALCOM:NAS100,Sell,Market,20,,,30349.7,Filled,,2026-06-19 17:04:06,2026-06-19 17:04:06,3201557271,,100:1,"6,069.94 USD"
CAPITALCOM:NAS100,Sell,Market,20,,,30346.6,Filled,,2026-06-19 17:04:05,2026-06-19 17:04:06,3201557187,,100:1,"6,069.32 USD"
CAPITALCOM:NAS100,Sell,Market,20,,,30346.5,Filled,,2026-06-19 17:04:05,2026-06-19 17:04:05,3201557123,,100:1,"6,069.30 USD"
CAPITALCOM:NAS100,Sell,Market,20,,,30346.9,Filled,,2026-06-19 17:04:04,2026-06-19 17:04:04,3201557033,,100:1,"6,069.38 USD"
CAPITALCOM:NAS100,Sell,Market,20,,,30346.9,Filled,,2026-06-19 17:04:03,2026-06-19 17:04:03,3201556938,,100:1,"6,069.38 USD"
CAPITALCOM:NAS100,Sell,Market,20,,,30347.2,Filled,,2026-06-19 17:04:03,2026-06-19 17:04:03,3201556849,,100:1,"6,069.44 USD"
CAPITALCOM:NAS100,Sell,Market,20,,,30347,Filled,,2026-06-19 17:04:02,2026-06-19 17:04:02,3201556765,,100:1,"6,069.40 USD"
CAPITALCOM:NAS100,Sell,Market,20,,,30346.6,Filled,,2026-06-19 17:04:01,2026-06-19 17:04:01,3201556584,,100:1,"6,069.32 USD"
CAPITALCOM:NAS100,Sell,Market,20,,,30347.6,Filled,,2026-06-19 17:03:59,2026-06-19 17:04:00,3201556447,,100:1,"6,069.52 USD"
CAPITALCOM:NAS100,Sell,Market,20,,,30349.2,Filled,,2026-06-19 17:03:59,2026-06-19 17:03:59,3201556351,,100:1,"6,069.84 USD"
CAPITALCOM:NAS100,Sell,Market,20,,,30349.2,Filled,,2026-06-19 17:03:58,2026-06-19 17:03:58,3201556255,,100:1,"6,069.84 USD"
CAPITALCOM:NAS100,Sell,Market,20,,,30348.1,Filled,,2026-06-19 17:03:57,2026-06-19 17:03:57,3201556137,,100:1,"6,069.62 USD"
CAPITALCOM:NAS100,Sell,Market,20,,,30346.7,Filled,,2026-06-19 17:03:55,2026-06-19 17:03:55,3201555885,,100:1,"6,069.34 USD"
CAPITALCOM:NAS100,Sell,Market,20,,,30342.5,Filled,,2026-06-19 17:03:50,2026-06-19 17:03:50,3201555380,,100:1,"6,068.50 USD"
CAPITALCOM:NAS100,Sell,Market,20,,,30338,Filled,,2026-06-19 17:03:38,2026-06-19 17:03:38,3201554182,,100:1,"6,067.60 USD"
CAPITALCOM:NAS100,Sell,Market,20,,,30333.3,Filled,,2026-06-19 17:03:03,2026-06-19 17:03:03,3201550648,,100:1,"6,066.66 USD"
CAPITALCOM:NAS100,Buy,Limit,220,30290,,,Cancelled,,2026-06-19 17:02:54,2026-06-19 17:03:54,3201549610,,,
CAPITALCOM:NAS100,Sell,Market,20,,,30330.3,Filled,,2026-06-19 17:02:40,2026-06-19 17:02:40,3201548122,,100:1,"6,066.06 USD"
CAPITALCOM:NAS100,Buy,Stop,220,,30345.1,30349.2,Filled,,2026-06-19 17:02:30,2026-06-19 17:03:54,3201546884,,,
CAPITALCOM:NAS100,Sell,Market,20,,,30335.7,Filled,,2026-06-19 17:02:23,2026-06-19 17:02:23,3201546051,,100:1,"6,067.14 USD"
CAPITALCOM:NAS100,Sell,Market,20,,,30333.7,Filled,,2026-06-19 17:02:20,2026-06-19 17:02:20,3201545687,,100:1,"6,066.74 USD"
CAPITALCOM:NAS100,Sell,Market,20,,,30335.5,Filled,,2026-06-19 17:01:41,2026-06-19 17:01:41,3201541019,,100:1,"6,067.10 USD"
CAPITALCOM:NAS100,Sell,Market,20,,,30336.1,Filled,,2026-06-19 17:01:19,2026-06-19 17:01:19,3201538276,,100:1,"6,067.22 USD"
CAPITALCOM:NAS100,Sell,Market,20,,,30337.5,Filled,,2026-06-19 17:01:13,2026-06-19 17:01:13,3201537466,,100:1,"6,067.50 USD"
CAPITALCOM:NAS100,Sell,Market,20,,,30335.8,Filled,,2026-06-19 17:01:09,2026-06-19 17:01:09,3201536883,,100:1,"6,067.16 USD"
CAPITALCOM:NAS100,Sell,Market,20,,,30336.4,Filled,,2026-06-19 17:01:08,2026-06-19 17:01:08,3201536692,,100:1,"6,067.28 USD"
CAPITALCOM:NAS100,Sell,Limit,20,30353.3,,,Cancelled,,2026-06-19 17:00:55,2026-06-19 17:02:31,3201534858,,100:1,
CAPITALCOM:NAS100,Sell,Limit,20,30351.9,,,Cancelled,,2026-06-19 17:00:53,2026-06-19 17:02:32,3201534523,,100:1,
CAPITALCOM:NAS100,Sell,Limit,20,30350.3,,,Cancelled,,2026-06-19 17:00:49,2026-06-19 17:02:37,3201534070,,100:1,
CAPITALCOM:NAS100,Sell,Limit,20,30349.4,,,Cancelled,,2026-06-19 17:00:45,2026-06-19 17:02:36,3201533606,,100:1,
CAPITALCOM:NAS100,Buy,Market,20,,,30360,Filled,,2026-06-19 16:58:22,2026-06-19 16:58:22,3201520141,,100:1,"6,072.00 USD"
CAPITALCOM:NAS100,Buy,Market,20,,,30361.1,Filled,,2026-06-19 16:58:11,2026-06-19 16:58:11,3201519305,,100:1,"6,072.22 USD"
CAPITALCOM:NAS100,Sell,Limit,80,30462.3,,,Cancelled,,2026-06-19 16:57:23,2026-06-19 17:00:30,3201515668,,,
CAPITALCOM:NAS100,Sell,Stop,80,,30348.4,30348.6,Filled,,2026-06-19 16:57:15,2026-06-19 17:00:30,3201514924,,,